,Current Owners,Active,IR,,,,,,,,,,,,,,,,,,,,,,,,,,,,,,,,,,,,,,,,
,Brian Carnaghi,15,0,,,,,,,,,,,,,,,,,,,,,,,,,,,,,,,,,,,,,,,,
,James Gazarato,24,0,,,,,,,,,,,,,,,,,,,,,,,,,,,,,,,,,,,,,,,,
,Dominic Puzzuoli,19,0,,,,,,,,,,,,,,,,,,,,,,,,,,,,,,,,,,,,,,,,
,Nick D'Onofrio,16,0,,,,,,,,,,,,,,,,,,,,,,,,,,,,,,,,,,,,,,,,
,Dan Carnaghi,18,0,,,,,,,,,,,,,,,,,,,,,,,,,,,,,,,,,,,,,,,,
,Zach Gravatas,13,0,,,,,,,,,,,,,,,,,,,,,,,,,,,,,,,,,,,,,,,,
,Karl Lucido,21,0,,,,,,,,,,,,,,,,,,,,,,,,,,,,,,,,,,,,,,,,
,Akshay Bhanot,16,0,,,,,,,,,,,,,,,,,,,,,,,,,,,,,,,,,,,,,,,,
,Tony Fakhouri,16,0,,,,,,,,,,,,,,,,,,,,,,,,,,,,,,,,,,,,,,,,
,Jimmy Wilson,19,0,,,,,,,,,,,,,,,,,,,,,,,,,,,,,,,,,,,,,,,,
,Mike Trudel,18,0,,,,,,,,,,,,,,,,,,,,,,,,,,,,,,,,,,,,,,,,
,Trevor Hurd,18,0,,Dynasty Rankings Export,,,,,,,,,,,,Manually Update,,,,,,,,,,,,,,Automated,,,,,,,,,,,,
,,,,,,,,,,,,,,,,,Player,CON,POS,2025,2026,2027,2028,2029,Owner,Roster Status,Validation,Pos Sort,Rank,,,,,,,,,,,,,,
,,,,,155,Luke Musgrave,GB,TE19,6,22,,TE,1,1,FA,,Andrei Iosivas,,WR,8,,,,,Akshay Bhanot,Active,,3,329,,,,,,,,,,,,,,
,,,,,334,Richie James Jr.,KC,WR114,10,27,,WR,2,1,FA,#N/A,Colston Loveland,RK,TE,16,16,16,OPT,,Akshay Bhanot,Active,Not Found,4,#N/A,,,,,,,,,,,,,,
,,,,,179,Mike Gesicki,NE,TE23,11,27,,TE,3,2,FA,,Deebo Samuel,,WR,36,36,36,,,Akshay Bhanot,Active,,3,129,,,,,,,,,,,,,,
,,,,,8,Garrett Wilson,NYJ,WR5,7,22,,WR,4,2,,,Derrick Henry,,RB,70,70,,,,Akshay Bhanot,Active,,2,196,,,,,,,,,,,,,,
,,,,,5,A.J. Brown,PHI,WR4,10,26,,WR,5,3,,,Dont'e Thornton,,WR,9,9,,,,Akshay Bhanot,Active,Not Found,3,#N/A,,,,,,,,,,,,,,
,,,,,7,Breece Hall,NYJ,RB3,7,22,,RB,6,1,,,Isaac Guerendo,,RB,8,,,,,Akshay Bhanot,Active,Not Found,2,#N/A,,,,,,,,,,,,,,
,,,,,9,Christian McCaffrey,SF,RB4,9,27,,RB,7,2,,,Josh Allen,,QB,72,72,,,,Akshay Bhanot,Active,,1,167,,,,,,,,,,,,,,
,,,,,328,Chris Evans,CIN,RB91,7,25,,RB,8,3,FA,#N/A,Justice Hill,,RB,8,,,,,Akshay Bhanot,Active,,2,381,,,,,,,,,,,,,,
,,,,,14,Chris Olave,NO,WR8,11,23,,WR,9,4,,,Khalil Shakir,,WR,23,23,23,23,,Akshay Bhanot,Active,,3,226,,,,,,,,,,,,,,
,,,,,476,Davis Allen,LAR,TE70,10,22,,TE,10,3,FA,#N/A,Malik Washington,,WR,8,,,,,Akshay Bhanot,Active,Not Found,3,#N/A,,,,,,,,,,,,,,
,,,,,4,CeeDee Lamb,DAL,WR3,7,24,,WR,11,5,,,Omarion Hampton,RK,RB,38,38,38,OPT,,Akshay Bhanot,Active,Not Found,2,#N/A,,,,,,,,,,,,,,
,,,,,376,J.D. McKissic,FA,RB103,-,29,,RB,12,4,FA,#N/A,Puka Nacua,,WR,76,76,76,,,Akshay Bhanot,Active,,3,87,,,,,,,,,,,,,,
,,,,,322,Robbie Gould,FA,K22,-,40,,,,,FA,#N/A,Tre Harris,RK,WR,10,10,10,OPT,,Akshay Bhanot,Active,Not Found,3,#N/A,,,,,,,,,,,,,,
,,,,,185,Jerick McKinnon,KC,RB61,10,31,,RB,13,5,FA,,Zach Charbonnet,,RB,16,16,,,,Akshay Bhanot,Active,,2,79,,,,,,,,,,,,,,
,,,,,147,Nico Collins,HOU,WR61,7,24,,WR,14,6,FA,,Christian McCaffrey,TAG,RB,58,,,,,Brian Carnaghi,Active,,2,7,,,,,,,,,,,,,,
,,,,,319,Minnesota Vikings,MIN,DST26,13,-,,,,,FA,#N/A,Dalton Kincaid,,TE,15,15,,,,Brian Carnaghi,Active,,4,76,,,,,,,,,,,,,,
,,,,,3,Bijan Robinson,ATL,RB1,11,21,,RB,15,6,,,DeVonta Smith,,WR,76,,,,,Brian Carnaghi,Active,,3,261,,,,,,,,,,,,,,
,,,,,10,Jaylen Waddle,MIA,WR6,10,24,,WR,16,7,,,Drake Maye,RK,QB,1,,,,,Brian Carnaghi,Active,Not Found,1,#N/A,,,,,,,,,,,,,,
,,,,,1,Justin Jefferson,MIN,WR1,13,24,,WR,17,8,,,Jahmyr Gibbs,,RB,87,,,,,Brian Carnaghi,Active,,2,285,,Patrick Mahomes II,,QB,84,84,,,,Jimmy Wilson,Active,,1,20
,,,,,330,Ronald Jones II,DAL,RB93,7,25,,RB,18,7,FA,#N/A,Jalen Coker,,WR,8,8,,,,Brian Carnaghi,Active,Not Found,3,#N/A,,Jalen Hurts,,QB,75,75,,,,Brian Carnaghi,Active,,1,223
,,,,,336,Detroit Lions,DET,DST27,9,-,,,,,FA,#N/A,Jalen Hurts,,QB,75,75,,,,Brian Carnaghi,Active,,1,223,,Josh Allen,,QB,72,72,,,,Akshay Bhanot,Active,,1,167
,,,,,333,Charlie Jones,CIN,WR113,7,24,,WR,19,9,FA,#N/A,Kimani Vidal,RK,RB,1,,,,,Brian Carnaghi,Active,Not Found,2,#N/A,,Joe Burrow,,QB,71,71,,,,Tony Fakhouri,Active,,1,289
,,,,,25,Patrick Mahomes II,KC,QB1,10,27,,QB,20,1,,,Kyle Williams,RK,WR,6,6,OPT,,,Brian Carnaghi,Active,Not Found,3,#N/A,,Justin Herbert,,QB,50,50,,,,Dominic Puzzuoli,Active,,1,240
,,,,,22,Josh Jacobs,LV,RB8,13,25,,RB,21,8,,,Malik Nabers,RK,WR,38,38,OPT,,,Brian Carnaghi,Active,Not Found,3,#N/A,,Baker Mayfield,,QB,19,19,19,,,Dan Carnaghi,Active,,1,31
,,,,,253,Ryan Tannehill,TEN,QB33,7,34,,QB,22,2,FA,#N/A,Trey Benson,RK,RB,9,OPT,,,,Brian Carnaghi,Active,Not Found,2,#N/A,,Dak Prescott,,QB,17,,,,,James Gazarato,Active,,1,207
,,,,,338,Velus Jones Jr.,CHI,WR115,13,26,,WR,23,10,FA,#N/A,Troy Franklin,RK,WR,8,OPT,,,,Brian Carnaghi,Active,Not Found,3,#N/A,,Bo Nix,,QB,15,15,15,15,,Jimmy Wilson,Active,,1,#N/A
,,,,,19,Stefon Diggs,BUF,WR11,13,29,,WR,24,11,,,Tucker Kraft,,TE,17,17,17,17,,Brian Carnaghi,Active,,4,197,,C.J. Stroud,,QB,15,15,,,,Mike Trudel,Active,,1,225
,,,,,216,Buffalo Bills,BUF,DST1,13,-,,,,,FA,#N/A,Alvin Kamara,,RB,53,,,,,Dan Carnaghi,Active,,2,67,,Caleb Williams,RK,QB,14,14,OPT,,,Karl Lucido,Active,Not Found,1,#N/A
,,,,,20,Tee Higgins,CIN,WR12,7,24,,WR,25,12,,,Amon-Ra St. Brown,,WR,99,99,,,,Dan Carnaghi,Active,,3,216,,Brock Purdy,,QB,12,,,,,James Gazarato,Active,,1,159
,,,,,259,Kansas City Chiefs,KC,DST11,10,-,,,,,FA,#N/A,Baker Mayfield,,QB,19,19,19,,,Dan Carnaghi,Active,,1,31,,Jayden Daniels,RK,QB,10,10,OPT,,,Mike Trudel,Active,Not Found,1,#N/A
,,,,,60,Rachaad White,TB,RB20,5,24,,RB,26,9,,,Brock Bowers,RK,TE,19,19,OPT,,,Dan Carnaghi,Active,Not Found,4,#N/A,,J.J McCarthy,RK,QB,9,OPT,,,,Nick D'Onofrio,Active,Not Found,1,#N/A
,,,,,315,Ka'imi Fairbairn,HOU,K17,7,29,,,,,FA,#N/A,Cade Otton,,TE,4,,,,,Dan Carnaghi,Active,,4,200,,Cam Ward,RK,QB,8,8,OPT,,,Jimmy Wilson,Active,Not Found,1,#N/A
,,,,,233,Corey Davis,NYJ,WR90,7,28,,WR,27,13,FA,#N/A,Elic Ayomanor,,WR,15,15,15,15,,Dan Carnaghi,Active,Not Found,3,#N/A,,Jalen Milroe,RK,QB,8,8,OPT,,,Trevor Hurd,Active,Not Found,1,#N/A
,,,,,30,Kenneth Walker III,SEA,RB11,5,22,,RB,28,10,,,Jack Bech,RK,WR,6,6,OPT,,,Dan Carnaghi,Active,Not Found,3,#N/A,,Bryce Young,,QB,8,8,,,,Dominic Puzzuoli,Active,,1,94
,,,,,332,Michael Badgley,DET,K26,9,27,,,,,FA,#N/A,Jaxson Dart,RK,QB,1,1,,,,Dan Carnaghi,Active,Not Found,1,#N/A,,Jared Goff,,QB,8,8,,,,Zach Gravatas,Active,,1,137
,,,,,27,Cooper Kupp,LAR,WR15,10,30,,WR,29,14,FA,,Jayden Higgins,RK,WR,9,9,OPT,,,Dan Carnaghi,Active,Not Found,3,#N/A,,Sam Darnold,,QB,8,8,,,,Nick D'Onofrio,Active,,1,276
,,,,,23,Drake London,ATL,WR13,11,21,,WR,30,15,,,Jaydon Blue,RK,RB,1,1,,,,Dan Carnaghi,Active,Not Found,2,#N/A,,Jaxson Dart,RK,QB,1,1,,,,Dan Carnaghi,Active,Not Found,1,#N/A
,,,,,312,Seattle Seahawks,SEA,DST25,5,-,,,,,FA,#N/A,Kaleb Johnson,RK,RB,12,12,12,OPT,,Dan Carnaghi,Active,Not Found,2,#N/A,,Drake Maye,RK,QB,1,,,,,Brian Carnaghi,Active,Not Found,1,#N/A
,,,,,280,Baker Mayfield,TB,QB35,5,28,,QB,31,3,,,Tory Horton,,WR,4,,,,,Dan Carnaghi,Active,Not Found,3,#N/A,,Jordan Love,,QB,,,,,,,Active,,1,52
,,,,,156,Cedric Tillman,CLE,WR63,5,23,,WR,32,16,FA,,Bryce Young,,QB,8,8,,,,Dominic Puzzuoli,Active,,1,94,,Trevor Lawrence,,QB,,,,,,,Active,,1,63
,,,,,178,John Metchie III,HOU,WR70,7,22,,WR,33,17,FA,,Chris Godwin,,WR,33,,,,,Dominic Puzzuoli,Active,,3,42,,Lamar Jackson,,QB,,,,,,James Gazarato,Active,,1,68
,,,,,39,Christian Watson,GB,WR19,6,24,,WR,34,18,,,Chris Rodriguez Jr.,,RB,8,8,,,,Dominic Puzzuoli,Active,,2,282,,Kyler Murray,,QB,,,,,,,Active,,1,91
,,,,,257,David Bell,CLE,WR98,5,22,,WR,35,19,FA,#N/A,Garrett Wilson,,WR,93,93,,,,Dominic Puzzuoli,Active,,3,4,,Anthony Richardson,,QB,,,,,,,Active,,1,98
,,,,,237,Parris Campbell,NYG,WR91,13,26,,WR,36,20,FA,#N/A,George Kittle,,TE,25,,,,,Dominic Puzzuoli,Active,,4,64,,Tua Tagovailoa,,QB,,,,,,,Active,,1,102
,,,,,163,Zach Evans,LAR,RB55,10,22,,RB,37,11,FA,#N/A,Ja'Lynn Polk,RK,WR,7,OPT,,,,Dominic Puzzuoli,Active,Not Found,3,#N/A,,Russell Wilson,,QB,,,,,,,Active,,1,124
,,,,,43,Brandon Aiyuk,SF,WR21,9,25,,WR,38,21,FA,,Ja'Tavion Sanders,RK,TE,1,,,,,Dominic Puzzuoli,Active,Not Found,4,#N/A,,Geno Smith,,QB,,,,,,,Active,,1,126
,,,,,44,Jordan Addison,MIN,WR22,13,21,,WR,39,22,,,James Cook,TAG,RB,58,,,,,Dominic Puzzuoli,Active,,2,82,,Aaron Rodgers,,QB,,,,,,,Active,,1,139
,,,,,278,D'Ernest Johnson,JAC,RB80,9,27,,RB,40,12,FA,#N/A,Jonnu Smith,,TE,4,,,,,Dominic Puzzuoli,Active,,4,119,,Mac Jones,,QB,,,,,,,Active,,1,169
,,,,,40,Javonte Williams,DEN,RB15,9,23,,RB,41,13,,,Joshua Palmer,,WR,8,8,,,,Dominic Puzzuoli,Active,,3,177,,Deshaun Watson,,QB,,,,,,,Active,,1,174
,,,,,41,Chris Godwin,TB,WR20,5,27,,WR,42,23,,,Justin Herbert,,QB,50,50,,,,Dominic Puzzuoli,Active,,1,240,,Matthew Stafford,,QB,,,,,,,Active,,1,195
,,,,,2,Ja'Marr Chase,CIN,WR2,7,23,,WR,43,24,,,Ladd McConkey,RK,WR,13,13,OPT,,,Dominic Puzzuoli,Active,Not Found,3,#N/A,,Kirk Cousins,,QB,,,,,,,Active,,1,212
,,,,,34,Jaxon Smith-Njigba,SEA,WR17,5,21,,WR,44,25,,,Marvin Harrison Jr,RK,WR,45,45,OPT,,,Dominic Puzzuoli,Active,Not Found,3,#N/A,,Jacoby Brissett,,QB,,,,,,,Active,,1,222
,,,,,177,Allen Lazard,NYJ,WR69,7,27,,WR,45,26,FA,,Romeo Doubs,,WR,8,8,,,,Dominic Puzzuoli,Active,,3,156,,Justin Fields,,QB,,,,,,,Active,,1,229
,,,,,232,Justin Tucker,BAL,K1,13,33,,,,,FA,#N/A,Will Shipley,RK,RB,1,,,,,Dominic Puzzuoli,Active,Not Found,2,#N/A,,Daniel Jones,,QB,,,,,,,Active,,1,250
,,,,,46,Jerry Jeudy,DEN,WR24,9,24,,WR,46,27,FA,,AJ Barner,,TE,8,8,,,,James Gazarato,Active,Not Found,4,#N/A,,Hendon Hooker,,QB,,,,,,,Active,,1,274
,,,,,45,Michael Pittman Jr.,IND,WR23,11,25,,WR,47,28,,,Brashard Smith,,RB,8,8,,,,James Gazarato,Active,Not Found,2,#N/A,,Will Levis,,QB,,,,,,,Active,,1,296
,,,,,90,Mike Evans,TB,WR42,5,29,,WR,48,29,FA,,Brock Purdy,,QB,12,,,,,James Gazarato,Active,,1,159,,Jameis Winston,,QB,,,,,,,Active,,1,365
,,,,,21,Mark Andrews,BAL,TE2,13,27,,TE,49,4,FA,,CeeDee Lamb,,WR,90,,,,,James Gazarato,Active,,3,11,,Carson Wentz,,QB,,,,,,,Active,,1,382
,,,,,48,T.J. Hockenson,MIN,TE4,13,26,,TE,50,5,,,Chase Brown,,RB,,,,,,James Gazarato,Active,,2,133,,Marcus Mariota,,QB,,,,,,,Active,,1,443
,,,,,84,Rashod Bateman,BAL,WR39,13,23,,WR,51,30,FA,,Dak Prescott,,QB,17,,,,,James Gazarato,Active,,1,207,,Andy Dalton,,QB,,,,,,,Active,,1,450
,,,,,152,Jordan Love,GB,QB23,6,24,,QB,52,4,FA,,David Njoku,,TE,15,,,,,James Gazarato,Active,,4,100,,Spencer Rattler,,QB,,,,,,,Active,Not Found,1,#N/A
,,,,,276,Jacksonville Jaguars,JAC,DST17,9,-,,,,,FA,#N/A,Jacory Croskey-Merritt,,RB,31,,,,,James Gazarato,Active,Not Found,2,#N/A,,Dillon Gabriel,,QB,,,,,,,Active,Not Found,1,#N/A
,,,,,59,D'Andre Swift,PHI,RB19,10,24,,RB,53,14,,,Jauan Jennings,,WR,12,,,,,James Gazarato,Active,,3,387,,Gardner Minshew,,QB,,,,,,,Active,Not Found,1,#N/A
,,,,,70,Cam Akers,LAR,RB22,10,24,,RB,54,15,FA,,Javonte Williams,,RB,,,,,,James Gazarato,Active,,2,41,,Jake Browning,,QB,,,,,,,Active,Not Found,1,#N/A
,,,,,57,Jahan Dotson,WAS,WR29,14,23,,WR,55,31,FA,,Jayden Reed,,WR,14,,,,,James Gazarato,Active,,3,117,,Joe Flacco,,QB,,,,,,,Active,Not Found,1,#N/A
,,,,,56,Quentin Johnston,LAC,WR28,5,21,,WR,56,32,FA,,Jaylin Lane,,WR,4,,,,,James Gazarato,Active,Not Found,3,#N/A,,Michael Penix Jr,,QB,,,,,,,Active,Not Found,1,#N/A
,,,,,54,Treylon Burks,TEN,WR27,7,23,,WR,57,33,FA,,Josh Downs,,WR,12,,,,,James Gazarato,Active,,3,278,,Quinn Ewers,,QB,,,,,,,Active,Not Found,1,#N/A
,,,,,153,Kenneth Gainwell,PHI,RB50,10,24,,RB,58,16,FA,,Kayshon Boutte,,WR,16,,,,,James Gazarato,Active,,3,210,,Riley Leanord,,QB,,,,,,,Active,Not Found,1,#N/A
,,,,,154,Derek Carr,NO,QB24,11,32,,QB,59,5,FA,#N/A,Keon Coleman,RK,WR,23,23,OPT,,,James Gazarato,Active,Not Found,3,#N/A,,Shedeur Sanders,,QB,,,,,,,Active,Not Found,1,#N/A
,,,,,264,A.T. Perry,NO,WR102,11,23,,WR,60,34,FA,#N/A,Lamar Jackson,,QB,,,,,,James Gazarato,Active,,1,68,,Bijan Robinson,,RB,91,,,,,Mike Trudel,Active,,2,15
,,,,,262,Marquez Valdes-Scantling,KC,WR100,10,28,,WR,61,35,FA,,Pat Bryant,,WR,13,13,13,,,James Gazarato,Active,Not Found,3,#N/A,,Jahmyr Gibbs,,RB,87,,,,,Brian Carnaghi,Active,,2,285
,,,,,61,Marquise Brown,ARI,WR30,14,26,,WR,62,36,,,Quinshon Judkins,RK,RB,19,19,19,OPT,,James Gazarato,Active,Not Found,2,#N/A,,Kyren Williams,,RB,71,71,71,,,Trevor Hurd,Active,,2,206
,,,,,58,Trevor Lawrence,JAC,QB7,9,23,,QB,63,6,FA,,Rome Odunze,RK,WR,32,32,OPT,,,James Gazarato,Active,,3,#N/A,,Derrick Henry,,RB,70,70,,,,Akshay Bhanot,Active,,2,196
,,,,,65,George Kittle,SF,TE5,9,29,,TE,64,6,,,Tez Johnson,,WR,4,,,,,James Gazarato,Active,Not Found,3,#N/A,,Josh Jacobs,,RB,69,,,,,Mike Trudel,Active,,2,21
,,,,,296,Indianapolis Colts,IND,DST21,11,-,,,,,FA,#N/A,Tyler Warren,RK,TE,13,13,13,OPT,,James Gazarato,Active,Not Found,4,#N/A,,Christian McCaffrey,TAG,RB,58,,,,,Brian Carnaghi,Active,,2,7
,,,,,230,Hayden Hurst,CAR,TE34,7,29,,TE,65,7,FA,#N/A,Woody Marks,,RB,8,,,,,James Gazarato,Active,Not Found,2,#N/A,,D'Andre Swift,TAG,RB,58,,,,,Tony Fakhouri,Active,,2,53
,,,,,122,Chigoziem Okonkwo,TEN,TE15,7,23,,TE,66,8,FA,,Zay Flowers,,WR,24,24,,,,James Gazarato,Active,,3,273,,James Cook,TAG,RB,58,,,,,Dominic Puzzuoli,Active,,2,82
,,,,,92,Alvin Kamara,NO,RB33,11,27,,RB,67,17,,,Blake Corum,RK,RB,7,OPT,,,,Jimmy Wilson,Active,Not Found,2,#N/A,,De'Von Achane,TAG,RB,58,,,,,Zach Gravatas,Active,,2,260
,,,,,55,Lamar Jackson,BAL,QB6,13,26,,QB,68,7,,,Bo Nix,,QB,15,15,15,15,,Jimmy Wilson,Active,,1,#N/A,,Alvin Kamara,,RB,53,,,,,Dan Carnaghi,Active,,2,67
,,,,,288,Joshua Kelley,LAC,RB82,5,25,,RB,69,18,FA,#N/A,Cam Ward,RK,QB,8,8,OPT,,,Jimmy Wilson,Active,Not Found,1,#N/A,,Breece Hall,,RB,50,50,,,,Nick D'Onofrio,Active,,2,6
,,,,,85,Mike Williams,LAC,WR40,5,28,,WR,70,37,FA,,Devin Neal,RK,RB,1,1,,,,Jimmy Wilson,Active,Not Found,2,#N/A,,Ashton Jeanty,RK,RB,45,45,45,OPT,,Karl Lucido,Active,Not Found,2,#N/A
,,,,,277,Jason Sanders,MIA,K7,10,27,,,,,FA,#N/A,Jaxon Smith-Njigba,,WR,51,51,,,,Jimmy Wilson,Active,,3,44,,Jonathan Taylor,,RB,40,,,,,Karl Lucido,Active,,2,215
,,,,,78,Pat Freiermuth,PIT,TE7,6,24,,TE,71,9,FA,,Kenneth Walker III,,RB,,,,,,Jimmy Wilson,Active,,2,28,,Omarion Hampton,RK,RB,38,38,38,OPT,,Akshay Bhanot,Active,Not Found,2,#N/A
,,,,,239,Darius Slayton,NYG,WR93,13,26,,WR,72,38,,,Luke McCaffery,RK,WR,1,,,,,Jimmy Wilson,Active,Not Found,3,#N/A,,Aaron Jones,,RB,38,,,,,Nick D'Onofrio,Active,,2,281
,,,,,160,Ezekiel Elliott,FA,RB52,-,27,,RB,73,19,FA,#N/A,Mason Taylor,RK,TE,7,7,OPT,,,Jimmy Wilson,Active,Not Found,4,#N/A,,TreVeyon Henderson,RK,RB,32,32,32,OPT,,Mike Trudel,Active,Not Found,2,#N/A
,,,,,270,Cleveland Browns,CLE,DST14,5,-,,,,,FA,#N/A,Matthew Golden,RK,WR,8,8,OPT,,,Jimmy Wilson,Active,Not Found,3,#N/A,,Jacory Croskey-Merritt,,RB,31,,,,,James Gazarato,Active,Not Found,2,#N/A
,,,,,241,Zach Ertz,ARI,TE35,14,32,,TE,74,10,FA,,Patrick Mahomes II,,QB,84,84,,,,Jimmy Wilson,Active,,1,20,,Travis Etienne Jr.,,RB,25,,,,,Trevor Hurd,Active,,2,236
,,,,,151,Alec Pierce,IND,WR62,11,23,,WR,75,39,,,Roman Wilson,RK,WR,8,OPT,,,,Jimmy Wilson,Active,Not Found,3,#N/A,,Quinshon Judkins,RK,RB,19,19,19,OPT,,James Gazarato,Active,Not Found,2,#N/A
,,,,,83,Dalton Kincaid,BUF,TE8,13,23,,TE,76,11,,,Tetairoa McMillan,RK,WR,27,27,27,OPT,,Jimmy Wilson,Active,Not Found,3,#N/A,,Zach Charbonnet,,RB,16,16,,,,Akshay Bhanot,Active,,2,79
,,,,,286,Jason Myers,SEA,K10,5,32,,,,,FA,#N/A,Xavier Legette,RK,WR,8,OPT,,,,Jimmy Wilson,Active,Not Found,3,#N/A,,Tyjae Spears,,RB,16,,,,,Trevor Hurd,Active,,2,105
,,,,,73,George Pickens,PIT,WR36,6,22,,WR,77,40,,,Xavier Worthy,RK,WR,27,27,OPT,,,Jimmy Wilson,Active,Not Found,3,#N/A,,Keaton Mitchell,,RB,15,15,,,,Mike Trudel,Active,,2,263
,,,,,81,DeAndre Hopkins,FA,WR38,-,31,,WR,78,41,FA,,Ashton Jeanty,RK,RB,45,45,45,OPT,,Karl Lucido,Active,Not Found,2,#N/A,,RJ Harvey,RK,RB,14,14,14,OPT,,Nick D'Onofrio,Active,Not Found,2,#N/A
,,,,,279,Younghoe Koo,ATL,K8,11,28,,,,,FA,#N/A,Braelon Allen,RK,RB,1,,,,,Karl Lucido,Active,Not Found,2,#N/A,,Kaleb Johnson,RK,RB,12,12,12,OPT,,Dan Carnaghi,Active,Not Found,2,#N/A
,,,,,76,Zach Charbonnet,SEA,RB25,5,22,,RB,79,20,,,Bucky Irving,RK,RB,1,,,,,Karl Lucido,Active,Not Found,2,#N/A,,Ray Davis,,RB,12,12,,,,Trevor Hurd,Active,Not Found,2,#N/A
,,,,,308,Logan Thomas,WAS,TE40,14,32,,TE,80,12,FA,,Caleb Williams,RK,QB,14,14,OPT,,,Karl Lucido,Active,Not Found,1,#N/A,,Jonathon Brooks,RK,RB,11,11,OPT,,,Nick D'Onofrio,Active,Not Found,2,#N/A
,,,,,75,Amari Cooper,CLE,WR37,5,29,,WR,81,42,FA,,Christian Watson,,WR,27,27,,,,Karl Lucido,Active,,3,34,,Trey Benson,RK,RB,9,OPT,,,,Brian Carnaghi,Active,Not Found,2,#N/A
,,,,,86,James Cook,BUF,RB29,13,23,,RB,82,21,,,Dylan Sampson,RK,RB,5,5,OPT,,,Karl Lucido,Active,Not Found,2,#N/A,,Cam Skattebo,RK,RB,9,9,OPT,,,Zach Gravatas,Active,Not Found,2,#N/A
,,,,,175,Clyde Edwards-Helaire,KC,RB58,10,24,,RB,83,22,FA,#N/A,Greg Dortch,,WR,8,,,,,Karl Lucido,Active,,3,150,,Joe Mixon,,RB,9,9,,,,Mike Trudel,Active,,2,318
,,,,,186,Chuba Hubbard,CAR,RB62,7,24,,RB,84,23,FA,,Isaiah Bond,RK,WR,1,1,,,,Karl Lucido,Active,Not Found,3,#N/A,,Chris Rodriguez Jr.,,RB,8,8,,,,Dominic Puzzuoli,Active,,2,282
,,,,,77,David Montgomery,DET,RB26,9,26,,RB,85,24,FA,,Jameson Williams,,WR,25,25,,,,Karl Lucido,Active,,3,134,,Brashard Smith,,RB,8,8,,,,James Gazarato,Active,Not Found,2,#N/A
,,,,,313,Ryan Succop,FA,K15,-,36,,,,,FA,#N/A,Jaylen Waddle,,WR,82,82,,,,Karl Lucido,Active,,3,16,,Rachaad White,,RB,8,,,,,Zach Gravatas,Active,,2,26
,,,,,249,Evan McPherson,CIN,K2,7,23,,,,,FA,#N/A,Jonathan Taylor,,RB,40,,,,,Karl Lucido,Active,,2,215,,Justice Hill,,RB,8,,,,,Akshay Bhanot,Active,,2,381
,,,,,136,Elijah Mitchell,SF,RB45,9,25,,RB,86,25,FA,#N/A,Kyle Pitts,,TE,39,39,,,,Karl Lucido,Active,,4,243,,Isaac Guerendo,,RB,8,,,,,Akshay Bhanot,Active,Not Found,2,#N/A
,,,,,266,Puka Nacua,LAR,WR103,10,22,,WR,87,43,,,Malachi Corley,RK,WR,5,OPT,,,,Karl Lucido,Active,Not Found,3,#N/A,,Woody Marks,,RB,8,,,,,James Gazarato,Active,Not Found,2,#N/A
,,,,,267,Green Bay Packers,GB,DST13,6,-,,,,,FA,#N/A,Marshawn Lloyd,RK,RB,6,OPT,,,,Karl Lucido,Active,Not Found,2,#N/A,,Blake Corum,RK,RB,7,OPT,,,,Jimmy Wilson,Active,Not Found,2,#N/A
,,,,,91,Kendre Miller,NO,RB32,11,21,,RB,88,26,FA,,Tee Higgins,,WR,76,,,,,Karl Lucido,Active,,3,25,,Bhayshul Tuten,RK,RB,7,7,OPT,,,Nick D'Onofrio,Active,Not Found,2,#N/A
,,,,,94,AJ Dillon,GB,RB34,6,25,,RB,89,27,FA,,Terrance Ferguson,RK,TE,5,5,OPT,,,Karl Lucido,Active,Not Found,4,#N/A,,Marshawn Lloyd,RK,RB,6,OPT,,,,Karl Lucido,Active,Not Found,2,#N/A
,,,,,316,Chris Boswell,PIT,K18,6,32,,,,,FA,#N/A,Travis Hunter,RK,WR,11,11,11,OPT,,Karl Lucido,Active,Not Found,3,#N/A,,Dylan Sampson,RK,RB,5,5,OPT,,,Karl Lucido,Active,Not Found,2,#N/A
,,,,,89,Keenan Allen,LAC,WR41,5,31,,WR,90,44,FA,,Adonai Mitchell,RK,WR,12,12,OPT,,,Mike Trudel,Active,,3,#N/A,,Tahj Brooks,,RB,4,,,,,Zach Gravatas,Active,Not Found,2,#N/A
,,,,,93,Kyler Murray,ARI,QB10,14,25,,QB,91,8,FA,,Alec Pierce,,WR,4,,,,,Mike Trudel,Active,,3,75,,Jaydon Blue,RK,RB,1,1,,,,Dan Carnaghi,Active,Not Found,2,#N/A
,,,,,111,Roschon Johnson,CHI,RB39,13,22,,RB,92,28,FA,,Bijan Robinson,,RB,91,,,,,Mike Trudel,Active,,2,15,,Devin Neal,RK,RB,1,1,,,,Jimmy Wilson,Active,Not Found,2,#N/A
,,,,,79,Dalvin Cook,FA,RB27,-,27,,RB,93,29,FA,#N/A,C.J. Stroud,,QB,15,15,,,,Mike Trudel,Active,,1,225,,DJ Giddens,RK,RB,1,1,,,,Mike Trudel,Active,Not Found,2,#N/A
,,,,,101,Bryce Young,CAR,QB13,7,21,,QB,94,9,,,DJ Giddens,RK,RB,1,1,,,,Mike Trudel,Active,Not Found,2,#N/A,,Ollie Gordon,RK,RB,1,1,,,,Trevor Hurd,Active,Not Found,2,#N/A
,,,,,104,James Conner,ARI,RB37,14,28,,RB,95,30,FA,,Evan Engram,,TE,16,16,,,,Mike Trudel,Active,,4,143,,Kimani Vidal,RK,RB,1,,,,,Brian Carnaghi,Active,Not Found,2,#N/A
,,,,,285,Jake Ferguson,DAL,TE38,7,24,,TE,96,13,,,George Pickens,,WR,30,30,,,,Mike Trudel,Active,,3,77,,Will Shipley,RK,RB,1,,,,,Dominic Puzzuoli,Active,Not Found,2,#N/A
,,,,,112,Gabe Davis,BUF,WR46,13,24,,WR,97,45,FA,,Ja'Marr Chase,,WR,0,,,,,Mike Trudel,Active,,3,43,,Braelon Allen,RK,RB,1,,,,,Karl Lucido,Active,Not Found,2,#N/A
,,,,,299,Matt Gay,IND,K13,11,29,,,,,FA,#N/A,Jake Ferguson,,TE,10,,,,,Mike Trudel,Active,,4,96,,Bucky Irving,RK,RB,1,,,,,Karl Lucido,Active,Not Found,2,#N/A
,,,,,310,New York Giants,NYG,DST24,13,-,,,,,FA,#N/A,Jayden Daniels,RK,QB,10,10,OPT,,,Mike Trudel,Active,Not Found,1,#N/A,,Jerick McKinnon,,RB,,,,,,,Active,,2,13
,,,,,318,Riley Patterson,DET,K20,9,23,,,,,FA,#N/A,Joe Mixon,,RB,9,9,,,,Mike Trudel,Active,,2,318,,Kenneth Walker III,,RB,,,,,,Jimmy Wilson,Active,,2,28
,,,,,95,Anthony Richardson,IND,QB11,11,21,,QB,98,10,FA,,Josh Jacobs,,RB,69,,,,,Mike Trudel,Active,,2,21,,Javonte Williams,,RB,,,,,,James Gazarato,Active,,2,41
,,,,,120,Jonathan Mingo,CAR,WR50,7,22,,WR,99,46,FA,,Keaton Mitchell,,RB,15,15,,,,Mike Trudel,Active,,2,263,,Cam Akers,,RB,,,,,,,Active,,2,54
,,,,,97,David Njoku,CLE,TE9,5,27,,TE,100,14,,,Rashee Rice,,WR,20,,,,,Mike Trudel,Active,,3,112,,Kenneth Gainwell,,RB,,,,,,,Active,,2,58
,,,,,184,Zay Jones,JAC,WR73,9,28,,WR,101,47,FA,,Rashid Shaheed,,WR,6,,,,,Mike Trudel,Active,,3,188,,Chuba Hubbard,,RB,,,,,,,Active,,2,84
,,,,,105,Tua Tagovailoa,MIA,QB14,10,25,,QB,102,11,FA,,Rico Dowdle,,RB,,,,,,,Active,,2,221,,David Montgomery,,RB,,,,,,,Active,,2,85
,,,,,98,Elijah Moore,CLE,WR43,5,23,,WR,103,48,FA,,Tank Dell,,WR,9,9,,,,Mike Trudel,Active,,3,190,,Kendre Miller,,RB,,,,,,,Active,,2,88
,,,,,161,Leonard Fournette,FA,RB53,-,28,,RB,104,31,FA,#N/A,TreVeyon Henderson,RK,RB,32,32,32,OPT,,Mike Trudel,Active,Not Found,2,#N/A,,AJ Dillon,,RB,,,,,,,Active,,2,89
,,,,,317,Greg Joseph,MIN,K19,13,28,,,,,FA,#N/A,Aaron Jones,,RB,38,,,,,Nick D'Onofrio,Active,,2,281,,Roschon Johnson,,RB,,,,,,,Active,,2,92
,,,,,123,Tyjae Spears,TEN,RB41,7,22,,RB,105,32,,,Bhayshul Tuten,RK,RB,7,7,OPT,,,Nick D'Onofrio,Active,Not Found,2,#N/A,,James Conner,,RB,,,,,,,Active,,2,95
,,,,,129,Cole Kmet,CHI,TE16,13,24,,TE,106,15,FA,,Breece Hall,,RB,50,50,,,,Nick D'Onofrio,Active,,2,6,,Tank Bigsby,,RB,,,,,,,Active,,2,116
,,,,,130,Jakobi Meyers,LV,WR53,13,26,,WR,107,49,FA,,Brian Thomas Jr,RK,WR,16,16,OPT,,,Nick D'Onofrio,Active,Not Found,3,#N/A,,Samaje Perine,,RB,,,,,,,Active,,2,121
,,,,,341,Austin Hooper,LV,TE42,13,28,,TE,108,16,FA,#N/A,Chris Olave,,WR,71,71,,,,Nick D'Onofrio,Active,,3,9,,Chase Brown,,RB,,,,,,James Gazarato,Active,,2,133
,,,,,121,JuJu Smith-Schuster,NE,WR51,11,26,,WR,109,50,FA,,Drake London,,WR,45,45,,,,Nick D'Onofrio,Active,,3,30,,Deuce Vaughn,,RB,,,,,,,Active,,2,151
,,,,,206,Evan Hull,IND,RB68,11,22,,RB,110,33,FA,#N/A,J.J McCarthy,RK,QB,9,OPT,,,,Nick D'Onofrio,Active,Not Found,1,#N/A,,Michael Carter,,RB,,,,,,,Active,,2,155
,,,,,118,Courtland Sutton,DEN,WR49,9,27,,WR,111,51,FA,,Jonathon Brooks,RK,RB,11,11,OPT,,,Nick D'Onofrio,Active,Not Found,2,#N/A,,Kareem Hunt,,RB,,,,,,,Active,,2,171
,,,,,127,Rashee Rice,KC,WR52,10,23,,WR,112,52,,,Luther Burden III,RK,WR,9,9,OPT,,,Nick D'Onofrio,Active,Not Found,3,#N/A,,Jerome Ford,,RB,,,,,,,Active,,2,176
,,,,,132,Brandin Cooks,DAL,WR55,7,29,,WR,113,53,FA,,Oronde Gadsden,,TE,12,12,12,,,Nick D'Onofrio,Active,Not Found,4,#N/A,,Ty Chandler,,RB,,,,,,,Active,,2,186
,,,,,305,Carolina Panthers,CAR,DST22,7,-,,,,,FA,#N/A,RJ Harvey,RK,RB,14,14,14,OPT,,Nick D'Onofrio,Active,Not Found,2,#N/A,,Raheem Mostert,,RB,,,,,,,Active,,2,194
,,,,,117,Marvin Mims Jr.,DEN,WR48,9,21,,WR,114,54,,,Sam Darnold,,QB,8,8,,,,Nick D'Onofrio,Active,,1,276,,Austin Ekeler,,RB,,,,,,,Active,,2,198
,,,,,291,Greg Zuerlein,NYJ,K11,7,35,,,,,FA,#N/A,Sam LaPorta,,TE,32,,,,,Nick D'Onofrio,Active,,4,115,,Isiah Pacheco,,RB,,,,,,,Active,,2,201
,,,,,115,Sam LaPorta,DET,TE14,9,22,,TE,115,17,,,Amari Cooper,,WR,,,,,,,Active,,3,81,,Tony Pollard,,RB,,,,,,,Active,,2,208
,,,,,119,Tank Bigsby,JAC,RB40,9,21,,RB,116,34,FA,,Christian Kirk,,WR,11,11,,,,Akshay Bhanot,Active,,3,149,,Brian Robinson Jr.,,RB,,,,,,,Active,,2,213
,,,,,116,Jayden Reed,GB,WR47,6,23,,WR,117,55,,,D'Andre Swift,TAG,RB,58,,,,,Tony Fakhouri,Active,,2,53,,Rico Dowdle,,RB,,,,,,,Active,,2,221
,,,,,124,Damien Harris,BUF,RB42,13,26,,RB,118,35,FA,#N/A,Darius Slayton,,WR,8,8,,,,Tony Fakhouri,Active,,3,72,,Jordan Mason,,RB,,,,,,,Active,,2,224
,,,,,359,Jonnu Smith,ATL,TE47,11,27,,TE,119,18,,,DK Metcalf,,WR,53,53,,,,Dan Carnaghi,Active,,3,142,,Sean Tucker,,RB,,,,,,,Active,,2,230
,,,,,364,Kene Nwangwu,MIN,RB99,13,25,,RB,120,36,FA,#N/A,Harold Fannin,RK,TE,1,1,,,,Tony Fakhouri,Active,Not Found,4,#N/A,,Hassan Haskins,,RB,,,,,,,Active,,2,241
,,,,,251,Daniel Carlson,LV,K3,13,28,,,,,FA,#N/A,Hunter Henry,,TE,8,8,,,,Tony Fakhouri,Active,,4,286,,Najee Harris,,RB,,,,,,,Active,,2,248
,,,,,150,Samaje Perine,DEN,RB49,9,27,,RB,121,37,FA,,Jaylin Noel,RK,WR,1,1,,,,Tony Fakhouri,Active,Not Found,3,#N/A,,Jamaal Williams,,RB,,,,,,,Active,,2,253
,,,,,139,Trey McBride,ARI,TE18,14,23,,TE,122,19,,,Joe Burrow,,QB,71,71,,,,Tony Fakhouri,Active,,1,289,,Devin Singletary,,RB,,,,,,,Active,,2,269
,,,,,321,Dustin Hopkins,LAC,K21,5,32,,,,,FA,#N/A,Spencer Rattler,,QB,,,,,,,Active,Not Found,1,#N/A,,Zonovan Knight,,RB,,,,,,,Active,,2,271
,,,,,66,Dallas Goedert,PHI,TE6,10,28,,TE,123,20,FA,,Stefon Diggs,,WR,32,,,,,Tony Fakhouri,Active,,3,24,,Keaontay Ingram,,RB,,,,,,,Active,,2,277
,,,,,140,Russell Wilson,DEN,QB19,9,34,,QB,124,12,FA,,T.J. Hockenson,,TE,30,30,,,,Tony Fakhouri,Active,,4,50,,Saquon Barkley,,RB,,,,,,,Active,,2,287
,,,,,137,Darnell Mooney,CHI,WR57,13,25,,WR,125,56,FA,,Tyler Lockett,,WR,,,,,,,Active,,3,148,,Dameon Pierce,,RB,,,,,,,Active,,2,301
,,,,,141,Geno Smith,SEA,QB20,5,32,,QB,126,13,FA,,Davante Adams,,WR,0,,,,,Trevor Hurd,Active,,3,307,,Rhamondre Stevenson,,RB,,,,,,,Active,,2,304
,,,,,142,Jalin Hyatt,NYG,WR58,13,21,,WR,127,57,FA,,Elijah Arroyo,RK,TE,1,1,,,,Trevor Hurd,Active,Not Found,4,#N/A,,Tyler Allgeier,,RB,,,,,,,Active,,2,311
,,,,,172,Tyler Boyd,CIN,WR68,7,28,,WR,128,58,FA,#N/A,Emeka Egbuka,RK,WR,23,23,23,OPT,,Trevor Hurd,Active,Not Found,3,#N/A,,Jaylen Warren,,RB,,,,,,,Active,,2,314
,,,,,47,Deebo Samuel,SF,WR25,9,27,,WR,129,59,,,Isaac TeSlaa,RK,WR,1,1,,,,Trevor Hurd,Active,Not Found,3,#N/A,,Nick Chubb,,RB,,,,,,,Active,,2,316
,,,,,290,Miami Dolphins,MIA,DST20,10,-,,,,,FA,#N/A,Jalen Milroe,RK,QB,8,8,OPT,,,Trevor Hurd,Active,Not Found,1,#N/A,,J.K. Dobbins,,RB,,,,,,,Active,,2,320
,,,,,210,Gus Edwards,BAL,RB69,13,28,,RB,130,38,FA,#N/A,Jordan Addison,,WR,32,32,,,,Trevor Hurd,Active,,3,39,,Audric Estime,,RB,,,,,,,Active,Not Found,2,#N/A
,,,,,143,Kenny Pickett,PIT,QB21,6,25,,QB,131,14,FA,#N/A,Kyren Williams,,RB,71,71,71,,,Trevor Hurd,Active,,2,206,,Damien Martinez,,RB,,,,,,,Active,Not Found,2,#N/A
,,,,,138,Rashaad Penny,PHI,RB46,10,27,,RB,132,39,FA,#N/A,Marquise Brown,,WR,21,,,,,Trevor Hurd,Active,,3,62,,Dare Ogunbowale,,RB,,,,,,,Active,Not Found,2,#N/A
,,,,,148,Chase Brown,CIN,RB48,7,23,,RB,133,40,,,Marvin Mims Jr.,,WR,12,,,,,Trevor Hurd,Active,,3,114,,Emanuel Wilson,,RB,,,,,,,Active,Not Found,2,#N/A
,,,,,62,Jameson Williams,DET,WR31,9,22,,WR,134,60,,,Michael Wilson,,WR,12,12,,,,Trevor Hurd,Active,,3,237,,Emari Demercado,,RB,,,,,,,Active,Not Found,2,#N/A
,,,,,193,Luke Schoonmaker,DAL,TE26,7,24,,TE,135,21,FA,,Ollie Gordon,RK,RB,1,1,,,,Trevor Hurd,Active,Not Found,2,#N/A,,Isaiah Davis,,RB,,,,,,,Active,Not Found,2,#N/A
,,,,,284,Taysom Hill,NO,TE37,11,32,,TE,136,22,FA,,Ray Davis,,RB,12,12,,,,Trevor Hurd,Active,Not Found,2,#N/A,,Jaleel McLaughlin,,RB,,,,,,,Active,Not Found,2,#N/A
,,,,,135,Jared Goff,DET,QB18,9,28,,QB,137,15,,,Terry McLaurin,,WR,0,,,,,Trevor Hurd,Active,,3,217,,Jarquez Hunter,,RB,,,,,,,Active,Not Found,2,#N/A
,,,,,271,DeVante Parker,NE,WR104,11,30,,WR,138,61,FA,#N/A,Travis Etienne Jr.,,RB,25,,,,,Trevor Hurd,Active,,2,236,,Jaylen Wright,,RB,,,,,,,Active,Not Found,2,#N/A
,,,,,274,Graham Gano,NYG,K6,13,36,,,,,FA,#N/A,Trey McBride,,TE,49,49,49,,,Trevor Hurd,Active,,4,122,,Jeremy McNichols,,RB,,,,,,,Active,Not Found,2,#N/A
,,,,,149,Aaron Rodgers,NYJ,QB22,7,39,,QB,139,16,FA,,Tyjae Spears,,RB,16,,,,,Trevor Hurd,Active,,2,105,,Jordan James,,RB,,,,,,,Active,Not Found,2,#N/A
,,,,,263,Parker Washington,JAC,WR101,9,21,,WR,140,62,FA,,A.J. Brown,,WR,84,84,,,,Zach Gravatas,Active,,3,5,,Kalel Mullings,,RB,,,,,,,Active,Not Found,2,#N/A
,,,,,157,Israel Abanikanda,NYJ,RB51,7,20,,RB,141,41,FA,#N/A,Brenton Strange,,TE,10,10,,,,Zach Gravatas,Active,,4,327,,Kyle Monangai,,RB,,,,,,,Active,Not Found,2,#N/A
,,,,,24,DK Metcalf,SEA,WR14,5,25,,WR,142,63,,,Cam Skattebo,RK,RB,9,9,OPT,,,Zach Gravatas,Active,Not Found,2,#N/A,,Patrick Taylor,,RB,,,,,,,Active,Not Found,2,#N/A
,,,,,113,Evan Engram,JAC,TE13,9,28,,TE,143,23,,,De'Von Achane,TAG,RB,58,,,,,Zach Gravatas,Active,,2,260,,Raheim Sanders,,RB,,,,,,,Active,Not Found,2,#N/A
,,,,,99,Kadarius Toney,KC,WR44,10,24,,WR,144,64,FA,#N/A,DJ Moore,,WR,24,,,,,Zach Gravatas,Active,,3,145,,Sione Vaki,,RB,,,,,,,Active,Not Found,2,#N/A
,,,,,38,DJ Moore,CHI,WR18,13,26,,WR,145,65,,,Jalen McMillan,RK,WR,1,,,,,Zach Gravatas,Active,Not Found,3,#N/A,,Trevor Etienne,,RB,,,,,,,Active,Not Found,2,#N/A
,,,,,246,James Robinson,FA,RB74,-,24,,RB,146,42,FA,#N/A,Jalen Royals,RK,WR,1,1,OPT,,,Zach Gravatas,Active,Not Found,3,#N/A,,Tyler Goodson,,RB,,,,,,,Active,Not Found,2,#N/A
,,,,,512,Demarcus Robinson,LAR,WR178,10,28,,WR,147,66,FA,,Jared Goff,,QB,8,8,,,,Zach Gravatas,Active,,1,137,,Tyrone Tracy,,RB,,,,,,,Active,Not Found,2,#N/A
,,,,,106,Tyler Lockett,SEA,WR45,5,30,,WR,148,67,FA,,Justin Jefferson,,WR,116,116,116,116,,Zach Gravatas,Active,,3,17,,Zavier Scott,,RB,,,,,,,Active,Not Found,2,#N/A
,,,,,314,Matt Prater,ARI,K16,14,38,,,,,FA,#N/A,Michael Pittman Jr.,,WR,26,,,,,Zach Gravatas,Active,,3,47,,Justin Jefferson,,WR,116,116,116,116,,Zach Gravatas,Active,,3,17
,,,,,72,Christian Kirk,JAC,WR35,9,26,,WR,149,68,,,Rachaad White,,RB,8,,,,,Zach Gravatas,Active,,2,26,,Amon-Ra St. Brown,,WR,99,99,,,,Dan Carnaghi,Active,,3,216
,,,,,339,Greg Dortch,ARI,WR116,14,25,,WR,150,69,,,Ricky Pearsall,RK,WR,9,OPT,,,,Zach Gravatas,Active,Not Found,3,#N/A,,Garrett Wilson,,WR,93,93,,,,Dominic Puzzuoli,Active,,3,4
,,,,,235,Deuce Vaughn,DAL,RB72,7,21,,RB,151,43,FA,,Saquon Barkley,,RB,,,,,,,Active,,2,287,,CeeDee Lamb,,WR,90,,,,,James Gazarato,Active,,3,11
,,,,,164,Juwan Johnson,NO,TE20,11,26,,TE,152,24,FA,,Tahj Brooks,,RB,4,,,,,Zach Gravatas,Active,Not Found,2,#N/A,,A.J. Brown,,WR,84,84,,,,Zach Gravatas,Active,,3,5
,,,,,258,Tampa Bay Buccaneers,TB,DST10,5,-,,,,,FA,#N/A,Aaron Rodgers,,QB,,,,,,,Active,,1,139,,Jaylen Waddle,,WR,82,82,,,,Karl Lucido,Active,,3,16
,,,,,229,Jimmy Garoppolo,LV,QB32,13,31,,QB,153,17,FA,#N/A,Adam Thielen,,WR,,,,,,,Active,,3,179,,Puka Nacua,,WR,76,76,76,,,Akshay Bhanot,Active,,3,87
,,,,,159,Donovan Peoples-Jones,CLE,WR65,5,24,,WR,154,70,FA,#N/A,AJ Dillon,,RB,,,,,,,Active,,2,89,,Tee Higgins,,WR,76,,,,,Karl Lucido,Active,,3,25
,,,,,176,Michael Carter,NYJ,RB59,7,24,,RB,155,44,FA,,Allen Lazard,,WR,,,,,,,Active,,3,45,,DeVonta Smith,,WR,76,,,,,Brian Carnaghi,Active,,3,261
,,,,,169,Romeo Doubs,GB,WR67,6,23,,WR,156,71,,,Andy Dalton,,QB,,,,,,,Active,,1,450,,Chris Olave,,WR,71,71,,,,Nick D'Onofrio,Active,,3,9
,,,,,245,Xavier Hutchinson,HOU,WR95,7,23,,WR,157,72,FA,#N/A,Anthony Richardson,,QB,,,,,,,Active,,1,98,,DK Metcalf,,WR,53,53,,,,Dan Carnaghi,Active,,3,142
,,,,,236,Isaiah Spiller,LAC,RB73,5,21,,RB,158,45,FA,#N/A,Audric Estime,,RB,,,,,,,Active,Not Found,2,#N/A,,Jaxon Smith-Njigba,,WR,51,51,,,,Jimmy Wilson,Active,,3,44
,,,,,173,Brock Purdy,SF,QB26,9,23,,QB,159,18,,,Austin Ekeler,,RB,,,,,,,Active,,2,198,,Marvin Harrison Jr,RK,WR,45,45,OPT,,,Dominic Puzzuoli,Active,Not Found,3,#N/A
,,,,,170,Jelani Woods,IND,TE22,11,24,,TE,160,25,FA,#N/A,Barion Brown,,WR,,,,,,,Active,Not Found,3,#N/A,,Drake London,,WR,45,45,,,,Nick D'Onofrio,Active,,3,30
,,,,,391,Cameron Latu,SF,TE56,9,23,,TE,161,26,FA,#N/A,Ben Sinnott,,TE,,,,,,,Active,Not Found,4,#N/A,,Malik Nabers,RK,WR,38,38,OPT,,,Brian Carnaghi,Active,Not Found,3,#N/A
,,,,,67,Diontae Johnson,PIT,WR32,6,27,,WR,162,73,FA,,Brandin Cooks,,WR,,,,,,,Active,,3,113,,Deebo Samuel,,WR,36,36,36,,,Akshay Bhanot,Active,,3,129
,,,,,171,Trey Lance,SF,QB25,9,23,,QB,163,19,FA,#N/A,Brandon Aiyuk,,WR,,,,,,,Active,,3,38,,Chris Godwin,,WR,33,,,,,Dominic Puzzuoli,Active,,3,42
,,,,,335,Latavius Murray,BUF,RB94,13,33,,RB,164,46,FA,#N/A,Brian Robinson Jr.,,RB,,,,,,,Active,,2,213,,Rome Odunze,RK,WR,32,32,OPT,,,James Gazarato,Active,,3,#N/A
,,,,,287,Nyheim Hines,BUF,RB81,13,26,,RB,165,47,FA,#N/A,Bub Means,,WR,,,,,,,Active,Not Found,3,#N/A,,Jordan Addison,,WR,32,32,,,,Trevor Hurd,Active,,3,39
,,,,,181,Michael Gallup,DAL,WR71,7,27,,WR,166,74,FA,#N/A,Calvin Austin,,WR,,,,,,,Active,Not Found,3,#N/A,,Stefon Diggs,,WR,32,,,,,Tony Fakhouri,Active,,3,24
,,,,,36,Josh Allen,BUF,QB2,13,27,,QB,167,20,,,Calvin Ridley,,WR,,,,,,,Active,,3,298,,George Pickens,,WR,30,30,,,,Mike Trudel,Active,,3,77
,,,,,183,Isaiah Likely,BAL,TE24,13,23,,TE,168,27,FA,,Cam Akers,,RB,,,,,,,Active,,2,54,,Xavier Worthy,RK,WR,27,27,OPT,,,Jimmy Wilson,Active,Not Found,3,#N/A
,,,,,174,Mac Jones,NE,QB27,11,24,,QB,169,21,FA,,Carson Wentz,,QB,,,,,,,Active,,1,382,,Tetairoa McMillan,RK,WR,27,27,27,OPT,,Jimmy Wilson,Active,Not Found,3,#N/A
,,,,,325,Kevin Harris,NE,RB90,11,22,,RB,170,48,FA,#N/A,Cedric Tillman,,WR,,,,,,,Active,,3,32,,Christian Watson,,WR,27,27,,,,Karl Lucido,Active,,3,34
,,,,,180,Kareem Hunt,FA,RB60,-,27,,RB,171,49,FA,,Chigoziem Okonkwo,,TE,,,,,,,Active,,4,66,,Michael Pittman Jr.,,WR,26,,,,,Zach Gravatas,Active,,3,47
,,,,,326,Cameron Dicker,LAC,K24,5,23,,,,,FA,#N/A,Chimere Dike,,WR,,,,,,,Active,Not Found,3,#N/A,,Jameson Williams,,WR,25,25,,,,Karl Lucido,Active,,3,134
,,,,,234,Cordarrelle Patterson,ATL,RB71,11,32,,RB,172,50,FA,#N/A,Chuba Hubbard,,RB,,,,,,,Active,,2,84,,Zay Flowers,,WR,24,24,,,,James Gazarato,Active,,3,273
,,,,,198,Terrace Marshall Jr.,CAR,WR79,7,23,,WR,173,75,FA,#N/A,Colby Parkinson,,TE,,,,,,,Active,,4,448,,DJ Moore,,WR,24,,,,,Zach Gravatas,Active,,3,145
,,,,,82,Deshaun Watson,CLE,QB9,5,27,,QB,174,22,FA,,Cole Kmet,,TE,,,,,,,Active,,4,106,,Keon Coleman,RK,WR,23,23,OPT,,,James Gazarato,Active,Not Found,3,#N/A
,,,,,200,DeWayne McBride,MIN,RB65,13,22,,RB,175,51,FA,#N/A,Cooper Kupp,,WR,,,,,,,Active,,3,29,,Emeka Egbuka,RK,WR,23,23,23,OPT,,Trevor Hurd,Active,Not Found,3,#N/A
,,,,,205,Jerome Ford,CLE,RB67,5,23,,RB,176,52,FA,,Courtland Sutton,,WR,,,,,,,Active,,3,111,,Khalil Shakir,,WR,23,23,23,23,,Akshay Bhanot,Active,,3,226
,,,,,190,Joshua Palmer,LAC,WR76,5,23,,WR,177,76,,,Curtis Samuel,,WR,,,,,,,Active,,3,235,,Marquise Brown,,WR,21,,,,,Trevor Hurd,Active,,3,62
,,,,,199,Dawson Knox,BUF,TE28,13,26,,TE,178,28,FA,,Dallas Goedert,,TE,,,,,,,Active,,4,123,,Rashee Rice,,WR,20,,,,,Mike Trudel,Active,,3,112
,,,,,207,Adam Thielen,CAR,WR83,7,32,,WR,179,77,FA,,Dalton Schultz,,TE,,,,,,,Active,,4,246,,Brian Thomas Jr,RK,WR,16,16,OPT,,,Nick D'Onofrio,Active,Not Found,3,#N/A
,,,,,102,Khalil Herbert,CHI,RB36,13,25,,RB,180,53,FA,#N/A,Dameon Pierce,,RB,,,,,,,Active,,2,301,,Kayshon Boutte,,WR,16,,,,,James Gazarato,Active,,3,210
,,,,,211,Irv Smith Jr.,CIN,TE29,7,24,,TE,181,29,FA,,Damien Martinez,,RB,,,,,,,Active,Not Found,2,#N/A,,Elic Ayomanor,,WR,15,15,15,15,,Dan Carnaghi,Active,Not Found,3,#N/A
,,,,,272,Washington Commanders,WAS,DST15,14,-,,,,,FA,#N/A,Daniel Jones,,QB,,,,,,,Active,,1,250,,Jayden Reed,,WR,14,,,,,James Gazarato,Active,,3,117
,,,,,29,Travis Kelce,KC,TE3,10,33,,TE,182,30,FA,,Dare Ogunbowale,,RB,,,,,,,Active,Not Found,2,#N/A,,Ladd McConkey,RK,WR,13,13,OPT,,,Dominic Puzzuoli,Active,Not Found,3,#N/A
,,,,,203,Zamir White,LV,RB66,13,23,,RB,183,54,FA,#N/A,Darnell Mooney,,WR,,,,,,,Active,,3,125,,Pat Bryant,,WR,13,13,13,,,James Gazarato,Active,Not Found,3,#N/A
,,,,,194,Tyler Higbee,LAR,TE27,10,30,,TE,184,31,FA,,Darnell Washington,,TE,,,,,,,Active,,4,294,,Adonai Mitchell,RK,WR,12,12,OPT,,,Mike Trudel,Active,,3,#N/A
,,,,,192,Hunter Renfrow,LV,WR78,13,27,,WR,185,78,FA,,Darren Waller,,TE,,,,,,,Active,,4,272,,Michael Wilson,,WR,12,12,,,,Trevor Hurd,Active,,3,237
,,,,,304,Ty Chandler,MIN,RB87,13,25,,RB,186,55,FA,,David Montgomery,,RB,,,,,,,Active,,2,85,,Marvin Mims Jr.,,WR,12,,,,,Trevor Hurd,Active,,3,114
,,,,,383,Marquez Callaway,DEN,WR129,9,25,,WR,187,79,FA,#N/A,Dawson Knox,,TE,,,,,,,Active,,4,178,,Josh Downs,,WR,12,,,,,James Gazarato,Active,,3,278
,,,,,204,Rashid Shaheed,NO,WR82,11,24,,WR,188,80,,,DeAndre Hopkins,,WR,,,,,,,Active,,3,78,,Jauan Jennings,,WR,12,,,,,James Gazarato,Active,,3,387
,,,,,187,Gerald Everett,LAC,TE25,5,29,,TE,189,32,FA,#N/A,Demarcus Robinson,,WR,,,,,,,Active,,3,147,,Travis Hunter,RK,WR,11,11,11,OPT,,Karl Lucido,Active,Not Found,3,#N/A
,,,,,191,Tank Dell,HOU,WR77,7,23,,WR,190,81,,,Demario Douglas,,WR,,,,,,,Active,,3,395,,Christian Kirk,,WR,11,11,,,,Akshay Bhanot,Active,,3,149
,,,,,87,Alexander Mattison,MIN,RB30,13,25,,RB,191,56,FA,#N/A,Deshaun Watson,,QB,,,,,,,Active,,1,174,,Tre Harris,RK,WR,10,10,10,OPT,,Akshay Bhanot,Active,Not Found,3,#N/A
,,,,,197,Pierre Strong Jr.,NE,RB64,11,24,,RB,192,57,FA,#N/A,Deuce Vaughn,,RB,,,,,,,Active,,2,151,,Ricky Pearsall,RK,WR,9,OPT,,,,Zach Gravatas,Active,Not Found,3,#N/A
,,,,,289,Kyle Philips,TEN,WR105,7,24,,WR,193,82,FA,#N/A,Devaughn Vele,,WR,,,,,,,Active,Not Found,3,#N/A,,Jayden Higgins,RK,WR,9,9,OPT,,,Dan Carnaghi,Active,Not Found,3,#N/A
,,,,,195,Raheem Mostert,MIA,RB63,10,31,,RB,194,58,FA,,Devin Singletary,,RB,,,,,,,Active,,2,269,,Luther Burden III,RK,WR,9,9,OPT,,,Nick D'Onofrio,Active,Not Found,3,#N/A
,,,,,196,Matthew Stafford,LAR,QB28,10,35,,QB,195,23,FA,,Devontez Walker,,WR,,,,,,,Active,Not Found,3,#N/A,,Tank Dell,,WR,9,9,,,,Mike Trudel,Active,,3,190
,,,,,51,Derrick Henry,TEN,RB17,7,29,,RB,196,59,,,Dillon Gabriel,,QB,,,,,,,Active,Not Found,1,#N/A,,Dont'e Thornton,,WR,9,9,,,,Akshay Bhanot,Active,Not Found,3,#N/A
,,,,,228,Tucker Kraft,GB,TE33,6,22,,TE,197,33,,,Diontae Johnson,,WR,,,,,,,Active,,3,162,,Troy Franklin,RK,WR,8,OPT,,,,Brian Carnaghi,Active,Not Found,3,#N/A
,,,,,31,Austin Ekeler,LAC,RB12,5,28,,RB,198,60,FA,,Dontayvion Wicks,,WR,,,,,,,Active,,3,324,,Roman Wilson,RK,WR,8,OPT,,,,Jimmy Wilson,Active,Not Found,3,#N/A
,,,,,219,Tyler Scott,CHI,WR88,13,21,,WR,199,83,FA,,Elijah Moore,,WR,,,,,,,Active,,3,103,,Xavier Legette,RK,WR,8,OPT,,,,Jimmy Wilson,Active,Not Found,3,#N/A
,,,,,217,Cade Otton,TB,TE30,5,24,,TE,200,34,,,Emanuel Wilson,,RB,,,,,,,Active,Not Found,2,#N/A,,Matthew Golden,RK,WR,8,8,OPT,,,Jimmy Wilson,Active,Not Found,3,#N/A
,,,,,80,Isiah Pacheco,KC,RB28,10,23,,RB,201,61,FA,,Emari Demercado,,RB,,,,,,,Active,Not Found,2,#N/A,,Darius Slayton,,WR,8,8,,,,Tony Fakhouri,Active,,3,72
,,,,,225,New England Patriots,NE,DST5,11,-,,,,,FA,#N/A,Foster Moreau,,TE,,,,,,,Active,,4,333,,Romeo Doubs,,WR,8,8,,,,Dominic Puzzuoli,Active,,3,156
,,,,,214,Sam Howell,WAS,QB30,14,22,,QB,202,24,FA,#N/A,Gabe Davis,,WR,,,,,,,Active,,3,97,,Joshua Palmer,,WR,8,8,,,,Dominic Puzzuoli,Active,,3,177
,,,,,218,Eric Gray,NYG,RB70,13,23,,RB,203,62,FA,#N/A,Gardner Minshew,,QB,,,,,,,Active,Not Found,1,#N/A,,Jalen Coker,,WR,8,8,,,,Brian Carnaghi,Active,Not Found,3,#N/A
,,,,,215,K.J. Osborn,MIN,WR87,13,26,,WR,204,84,FA,#N/A,Geno Smith,,QB,,,,,,,Active,,1,126,,Greg Dortch,,WR,8,,,,,Karl Lucido,Active,,3,150
,,,,,158,Chase Claypool,CHI,WR64,13,25,,WR,205,85,FA,#N/A,Grant Calcaterra,,TE,,,,,,,Active,,4,446,,Andrei Iosivas,,WR,8,,,,,Akshay Bhanot,Active,,3,329
,,,,,260,Kyren Williams,LAR,RB77,10,22,,RB,206,63,,,Greg Dulcich,,TE,,,,,,,Active,,4,275,,Malik Washington,,WR,8,,,,,Akshay Bhanot,Active,Not Found,3,#N/A
,,,,,96,Dak Prescott,DAL,QB12,7,29,,QB,207,25,,,Hassan Haskins,,RB,,,,,,,Active,,2,241,,Ja'Lynn Polk,RK,WR,7,OPT,,,,Dominic Puzzuoli,Active,Not Found,3,#N/A
,,,,,26,Tony Pollard,DAL,RB9,7,26,,RB,208,64,FA,,Hendon Hooker,,QB,,,,,,,Active,,1,274,,Kyle Williams,RK,WR,6,6,OPT,,,Brian Carnaghi,Active,Not Found,3,#N/A
,,,,,220,Dallas Cowboys,DAL,DST2,7,-,,,,,FA,#N/A,Hunter Renfrow,,WR,,,,,,,Active,,3,185,,Jack Bech,RK,WR,6,6,OPT,,,Dan Carnaghi,Active,Not Found,3,#N/A
,,,,,212,Tyquan Thornton,NE,WR85,11,22,,WR,209,86,FA,,Irv Smith Jr.,,TE,,,,,,,Active,,4,181,,Rashid Shaheed,,WR,6,,,,,Mike Trudel,Active,,3,188
,,,,,213,Kayshon Boutte,NE,WR86,11,21,,WR,210,87,,,Isaiah Davis,,RB,,,,,,,Active,Not Found,2,#N/A,,Malachi Corley,RK,WR,5,OPT,,,,Karl Lucido,Active,Not Found,3,#N/A
,,,,,324,Trey Palmer,TB,WR111,5,22,,WR,211,88,FA,,Isaiah Hodgins,,WR,,,,,,,Active,,3,244,,Alec Pierce,,WR,4,,,,,Mike Trudel,Active,,3,75
,,,,,125,Kirk Cousins,MIN,QB17,13,34,,QB,212,26,FA,,Isaiah Likely,,TE,,,,,,,Active,,4,168,,Tory Horton,,WR,4,,,,,Dan Carnaghi,Active,Not Found,3,#N/A
,,,,,100,Brian Robinson Jr.,WAS,RB35,14,24,,RB,213,65,FA,,Isaiah McKenzie,,WR,,,,,,,Active,,3,312,,Jaylin Lane,,WR,4,,,,,James Gazarato,Active,Not Found,3,#N/A
,,,,,167,Michael Thomas,NO,WR66,11,30,,WR,214,89,FA,#N/A,Isiah Pacheco,,RB,,,,,,,Active,,2,201,,Tez Johnson,,WR,4,,,,,James Gazarato,Active,Not Found,3,#N/A
,,,,,,,,,,,,,,,,,J.K. Dobbins,,RB,,,,,,,Active,,2,320,,Jalen Royals,RK,WR,1,1,OPT,,,Zach Gravatas,Active,Not Found,3,#N/A
,,,,,437,Stetson Bennett,LAR,QB44,10,25,,QB,214,27,FA,#N/A,Jacoby Brissett,,QB,,,,,,,Active,,1,222,,Isaiah Bond,RK,WR,1,1,,,,Karl Lucido,Active,Not Found,3,#N/A
,,,,,6,Jonathan Taylor,IND,RB2,11,24,,RB,215,66,,,Jahan Dotson,,WR,,,,,,,Active,,3,55,,Jaylin Noel,RK,WR,1,1,,,,Tony Fakhouri,Active,Not Found,3,#N/A
,,,,,11,Amon-Ra St. Brown,DET,WR7,9,23,,WR,216,90,,,Jake Bobo,,WR,,,,,,,Active,,3,#N/A,,Isaac TeSlaa,RK,WR,1,1,,,,Trevor Hurd,Active,Not Found,3,#N/A
,,,,,53,Terry McLaurin,WAS,WR26,14,27,,WR,217,91,,,Jake Browning,,QB,,,,,,,Active,Not Found,1,#N/A,,Luke McCaffery,RK,WR,1,,,,,Jimmy Wilson,Active,Not Found,3,#N/A
,,,,,493,Payne Durham,TB,TE73,5,23,,TE,218,35,FA,#N/A,Jake Tonges,,TE,,,,,,,Active,Not Found,4,#N/A,,Jalen McMillan,RK,WR,1,,,,,Zach Gravatas,Active,Not Found,3,#N/A
,,,,,323,Nick Folk,NE,K23,11,38,,,,,FA,#N/A,Jakobi Meyers,,WR,,,,,,,Active,,3,107,,Ja'Marr Chase,,WR,0,,,,,Mike Trudel,Active,,3,43
,,,,,370,Kylen Granson,IND,TE51,11,25,,TE,219,36,FA,#N/A,Jaleel McLaughlin,,RB,,,,,,,Active,Not Found,2,#N/A,,Terry McLaurin,,WR,0,,,,,Trevor Hurd,Active,,3,217
,,,,,293,Tyrion Davis-Price,SF,RB83,9,22,,RB,220,67,FA,#N/A,Jalen Guyton,,WR,,,,,,,Active,,3,413,,Davante Adams,,WR,0,,,,,Trevor Hurd,Active,,3,307
,,,,,539,Rico Dowdle,FA,RB149,-,24,,RB,221,68,FA,,Jalen Nailor,,WR,,,,,,,Active,,3,429,,Nico Collins,,WR,,,,,,,Active,,3,14
,,,,,360,Jacoby Brissett,WAS,QB37,14,30,,QB,222,28,FA,,Jalen Reagor,,WR,,,,,,,Active,,3,424,,Cooper Kupp,,WR,,,,,,,Active,,3,29
,,,,,481,Kylin Hill,FA,RB131,-,24,,RB,223,69,FA,#N/A,Jalen Tolbert,,WR,,,,,,,Active,,3,309,,Cedric Tillman,,WR,,,,,,,Active,,3,32
,,,,,307,Tennessee Titans,TEN,DST23,7,-,,,,,FA,#N/A,Jalin Hyatt,,WR,,,,,,,Active,,3,127,,John Metchie III,,WR,,,,,,,Active,,3,33
,,,,,281,New Orleans Saints,NO,DST18,11,-,,,,,FA,#N/A,Jamaal Williams,,RB,,,,,,,Active,,2,253,,Brandon Aiyuk,,WR,,,,,,,Active,,3,38
,,,,,221,San Francisco 49ers,SF,DST3,9,-,,,,,FA,#N/A,Jameis Winston,,QB,,,,,,,Active,,1,365,,Allen Lazard,,WR,,,,,,,Active,,3,45
,,,,,,,,,,,,,,,,,James Conner,,RB,,,,,,,Active,,2,95,,Jerry Jeudy,,WR,,,,,,,Active,,3,46
,,,,,37,Jalen Hurts,PHI,QB3,10,24,,QB,223,29,,,Jarquez Hunter,,RB,,,,,,,Active,Not Found,2,#N/A,,Mike Evans,,WR,,,,,,,Active,,3,48
,,,,,265,Los Angeles Chargers,LAC,DST12,5,-,,,,,FA,#N/A,Javon Baker,,WR,,,,,,,Active,Not Found,3,#N/A,,Rashod Bateman,,WR,,,,,,,Active,,3,51
,,,,,242,New York Jets,NYJ,DST7,7,-,,,,,FA,#N/A,Jaylen Warren,,RB,,,,,,,Active,,2,314,,Jahan Dotson,,WR,,,,,,,Active,,3,55
,,,,,369,Jordan Mason,SF,RB100,9,24,,RB,224,70,FA,,Jaylen Wright,,RB,,,,,,,Active,Not Found,2,#N/A,,Quentin Johnston,,WR,,,,,,,Active,,3,56
,,,,,256,Harrison Butker,KC,K5,10,28,,,,,FA,#N/A,Jeremy McNichols,,RB,,,,,,,Active,Not Found,2,#N/A,,Treylon Burks,,WR,,,,,,,Active,,3,57
,,,,,107,C.J. Stroud,HOU,QB15,7,21,,QB,225,30,,,Jerick McKinnon,,RB,,,,,,,Active,,2,13,,Marquez Valdes-Scantling,,WR,,,,,,,Active,,3,61
,,,,,202,Khalil Shakir,BUF,WR81,13,23,,WR,226,92,,,Jermaine Burton,,WR,,,,,,,Active,Not Found,3,#N/A,,Mike Williams,,WR,,,,,,,Active,,3,70
,,,,,244,Philadelphia Eagles,PHI,DST8,10,-,,,,,FA,#N/A,Jerome Ford,,RB,,,,,,,Active,,2,176,,DeAndre Hopkins,,WR,,,,,,,Active,,3,78
,,,,,166,Noah Fant,SEA,TE21,5,25,,TE,227,37,FA,,Jerry Jeudy,,WR,,,,,,,Active,,3,46,,Amari Cooper,,WR,,,,,,,Active,,3,81
,,,,,302,Kenny McIntosh,SEA,RB86,5,23,,RB,228,71,FA,#N/A,Joe Flacco,,QB,,,,,,,Active,Not Found,1,#N/A,,Keenan Allen,,WR,,,,,,,Active,,3,90
,,,,,64,Justin Fields,CHI,QB8,13,24,,QB,229,31,FA,,John Metchie III,,WR,,,,,,,Active,,3,33,,Gabe Davis,,WR,,,,,,,Active,,3,97
,,,,,252,Sean Tucker,TB,RB75,5,21,,RB,230,72,FA,,Jonathan Mingo,,WR,,,,,,,Active,,3,99,,Jonathan Mingo,,WR,,,,,,,Active,,3,99
,,,,,355,Dyami Brown,WAS,WR122,14,23,,WR,231,93,FA,#N/A,Jordan James,,RB,,,,,,,Active,Not Found,2,#N/A,,Zay Jones,,WR,,,,,,,Active,,3,101
,,,,,401,Trayveon Williams,CIN,RB109,7,25,,RB,232,73,FA,#N/A,Jordan Love,,QB,,,,,,,Active,,1,52,,Elijah Moore,,WR,,,,,,,Active,,3,103
,,,,,168,Jeff Wilson Jr.,MIA,RB57,10,27,,RB,233,74,FA,#N/A,Jordan Mason,,RB,,,,,,,Active,,2,224,,Jakobi Meyers,,WR,,,,,,,Active,,3,107
,,,,,182,DJ Chark Jr.,CAR,WR72,7,26,,WR,234,94,FA,#N/A,Jordan Whittington,,WR,,,,,,,Active,Not Found,3,#N/A,,JuJu Smith-Schuster,,WR,,,,,,,Active,,3,109
,,,,,188,Curtis Samuel,WAS,WR74,14,26,,WR,235,95,FA,,Josh Reynolds,,WR,,,,,,,Active,,3,265,,Courtland Sutton,,WR,,,,,,,Active,,3,111
,,,,,18,Travis Etienne Jr.,JAC,RB7,9,24,,RB,236,75,,,JuJu Smith-Schuster,,WR,,,,,,,Active,,3,109,,Brandin Cooks,,WR,,,,,,,Active,,3,113
,,,,,209,Michael Wilson,ARI,WR84,14,23,,WR,237,96,,,Justin Fields,,QB,,,,,,,Active,,1,229,,Darnell Mooney,,WR,,,,,,,Active,,3,125
,,,,,297,Tyler Conklin,NYJ,TE39,7,27,,TE,238,38,FA,,Juwan Johnson,,TE,,,,,,,Active,,4,152,,Jalin Hyatt,,WR,,,,,,,Active,,3,127
,,,,,453,Tyler Huntley,BAL,QB47,13,25,,QB,239,32,FA,,Kalel Mullings,,RB,,,,,,,Active,Not Found,2,#N/A,,Parker Washington,,WR,,,,,,,Active,,3,140
,,,,,108,Antonio Gibson,WAS,RB38,14,25,,RB,240,76,FA,#N/A,Kalif Raymond,,WR,,,,,,,Active,,3,388,,Demarcus Robinson,,WR,,,,,,,Active,,3,147
,,,,,,,,,,,,,,,,,Kameron Johnson,,WR,,,,,,,Active,Not Found,3,#N/A,,Tyler Lockett,,WR,,,,,,,Active,,3,148
,,,,,50,Justin Herbert,LAC,QB5,5,25,,QB,240,33,,,Kareem Hunt,,RB,,,,,,,Active,,2,171,,Diontae Johnson,,WR,,,,,,,Active,,3,162
,,,,,309,Hassan Haskins,TEN,RB88,7,23,,RB,241,77,FA,,Kavonte Turpin,,WR,,,,,,,Active,,3,#N/A,,Adam Thielen,,WR,,,,,,,Active,,3,179
,,,,,301,Wil Lutz,NO,K14,11,29,,,,,FA,#N/A,Keaontay Ingram,,RB,,,,,,,Active,,2,277,,Hunter Renfrow,,WR,,,,,,,Active,,3,185
,,,,,485,Ty Johnson,FA,RB134,-,25,,RB,242,78,FA,#N/A,Keenan Allen,,WR,,,,,,,Active,,3,90,,Tyler Scott,,WR,,,,,,,Active,,3,199
,,,,,15,Kyle Pitts,ATL,TE1,11,22,,TE,243,39,,,Kendre Miller,,RB,,,,,,,Active,,2,88,,Tyquan Thornton,,WR,,,,,,,Active,,3,209
,,,,,201,Isaiah Hodgins,NYG,WR80,13,24,,WR,244,97,FA,,Kendrick Bourne,,WR,,,,,,,Active,,3,293,,Trey Palmer,,WR,,,,,,,Active,,3,211
,,,,,240,Van Jefferson,LAR,WR94,10,26,,WR,245,98,FA,,Kenneth Gainwell,,RB,,,,,,,Active,,2,58,,Curtis Samuel,,WR,,,,,,,Active,,3,235
,,,,,134,Dalton Schultz,HOU,TE17,7,27,,TE,246,40,FA,,Kirk Cousins,,QB,,,,,,,Active,,1,212,,Isaiah Hodgins,,WR,,,,,,,Active,,3,244
,,,,,238,Mecole Hardman Jr.,NYJ,WR92,7,25,,WR,247,99,FA,#N/A,Kyle Monangai,,RB,,,,,,,Active,Not Found,2,#N/A,,Van Jefferson,,WR,,,,,,,Active,,3,245
,,,,,32,Najee Harris,PIT,RB13,6,25,,RB,248,79,FA,,Kyler Murray,,QB,,,,,,,Active,,1,91,,Van Jefferson,,WR,,,,,,,Active,,3,245
,,,,,133,Skyy Moore,KC,WR56,10,22,,WR,249,100,FA,#N/A,Lil'Jordan Humphrey,,WR,,,,,,,Active,Not Found,3,#N/A,,Josh Reynolds,,WR,,,,,,,Active,,3,265
,,,,,114,Daniel Jones,NYG,QB16,13,26,,QB,250,34,FA,,Logan Thomas,,TE,,,,,,,Active,,4,80,,Olamide Zaccheaus,,WR,,,,,,,Active,,3,266
,,,,,268,Chase Edmonds,TB,RB78,5,27,,RB,251,80,FA,#N/A,Luke Musgrave,,TE,,,,,,,Active,,4,1,,Wan'Dale Robinson,,WR,,,,,,,Active,,3,270
,,,,,243,Daniel Bellinger,NYG,TE36,13,22,,TE,252,41,FA,#N/A,Luke Schoonmaker,,TE,,,,,,,Active,,4,135,,Kendrick Bourne,,WR,,,,,,,Active,,3,293
,,,,,126,Jamaal Williams,NO,RB43,11,28,,RB,253,81,FA,,Mac Jones,,QB,,,,,,,Active,,1,169,,Calvin Ridley,,WR,,,,,,,Active,,3,298
,,,,,382,Melvin Gordon III,FA,RB104,-,30,,RB,254,82,FA,#N/A,Mack Hollins,,WR,,,,,,,Active,,3,344,,Tim Patrick,,WR,,,,,,,Active,,3,302
,,,,,,,,,,,,,,,,,Marcus Mariota,,QB,,,,,,,Active,,1,443,,Jalen Tolbert,,WR,,,,,,,Active,,3,309
,,,,,412,Charlie Kolar,BAL,TE61,13,24,,TE,254,42,FA,#N/A,Mark Andrews,,TE,,,,,,,Active,,4,49,,Sterling Shepard,,WR,,,,,,,Active,,3,310
,,,,,428,Gardner Minshew II,IND,QB42,11,27,,QB,255,35,FA,#N/A,Marquez Valdes-Scantling,,WR,,,,,,,Active,,3,61,,Isaiah McKenzie,,WR,,,,,,,Active,,3,312
,,,,,109,Michael Mayer,LV,TE11,13,22,,TE,256,43,FA,,Matthew Stafford,,QB,,,,,,,Active,,1,195,,Tyreek Hill,,WR,,,,,,,Active,,3,315
,,,,,473,Rico Dowdle,DAL,RB128,7,25,,RB,257,83,FA,,Mecole Hardman,,WR,,,,,,,Active,Not Found,3,#N/A,,Dontayvion Wicks,,WR,,,,,,,Active,,3,324
,,,,,357,Justyn Ross,KC,WR123,10,23,,WR,258,101,FA,#N/A,Michael Carter,,RB,,,,,,,Active,,2,155,,Tutu Atwell,,WR,,,,,,,Active,,3,330
,,,,,349,Marvin Jones Jr.,DET,WR119,9,33,,WR,259,102,FA,#N/A,Michael Mayer,,TE,,,,,,,Active,,4,256,,Noah Brown,,WR,,,,,,,Active,,3,342
,,,,,292,Brandon McManus,JAC,K12,9,31,,,,,FA,#N/A,Michael Penix Jr,,QB,,,,,,,Active,Not Found,1,#N/A,,Mack Hollins,,WR,,,,,,,Active,,3,344
,,,,,88,De'Von Achane,MIA,RB31,10,21,,RB,260,84,,,Mike Evans,,WR,,,,,,,Active,,3,48,,Tre Tucker,,WR,,,,,,,Active,,3,345
,,,,,17,DeVonta Smith,PHI,WR10,10,24,,WR,261,103,,,Mike Gesicki,,TE,,,,,,,Active,,4,3,,Nick Westbrook-Ikhine,,WR,,,,,,,Active,,3,347
,,,,,298,Zack Moss,IND,RB85,11,25,,RB,262,85,FA,#N/A,Mike Williams,,WR,,,,,,,Active,,3,70,,Kalif Raymond,,WR,,,,,,,Active,,3,388
,,,,,403,C.J. Uzomah,NYJ,TE60,7,30,,TE,263,44,FA,#N/A,Najee Harris,,RB,,,,,,,Active,,2,248,,Demario Douglas,,WR,,,,,,,Active,,3,395
,,,,,,,,,,,,,,,,,Nick Chubb,,RB,,,,,,,Active,,2,316,,Jalen Guyton,,WR,,,,,,,Active,,3,413
,,,,,398,Keaton Mitchell,BAL,RB108,13,21,,RB,263,86,,,Nick Westbrook-Ikhine,,WR,,,,,,,Active,,3,347,,Jalen Reagor,,WR,,,,,,,Active,,3,424
,,,,,261,Russell Gage,TB,WR99,5,27,,WR,264,104,FA,#N/A,Nico Collins,,WR,,,,,,,Active,,3,14,,Jalen Nailor,,WR,,,,,,,Active,,3,429
,,,,,358,Josh Reynolds,DET,WR124,9,28,,WR,265,105,FA,,Noah Brown,,WR,,,,,,,Active,,3,342,,Zach Pascal,,WR,,,,,,,Active,,3,437
,,,,,414,Olamide Zaccheaus,PHI,WR138,10,25,,WR,266,106,FA,,Noah Fant,,TE,,,,,,,Active,,4,227,,Barion Brown,,WR,,,,,,,Active,Not Found,3,#N/A
,,,,,303,Laviska Shenault Jr.,CAR,WR108,7,24,,WR,267,107,FA,#N/A,Noah Gray,,TE,,,,,,,Active,,4,337,,Bub Means,,WR,,,,,,,Active,Not Found,3,#N/A
,,,,,222,Baltimore Ravens,BAL,DST4,13,-,,,,,FA,#N/A,Olamide Zaccheaus,,WR,,,,,,,Active,,3,266,,Calvin Austin,,WR,,,,,,,Active,Not Found,3,#N/A
,,,,,63,Miles Sanders,CAR,RB21,7,26,,RB,268,87,FA,#N/A,Parker Washington,,WR,,,,,,,Active,,3,140,,Chimere Dike,,WR,,,,,,,Active,Not Found,3,#N/A
,,,,,144,Devin Singletary,HOU,RB47,7,25,,RB,269,88,FA,,Pat Freiermuth,,TE,,,,,,,Active,,4,71,,Devaughn Vele,,WR,,,,,,,Active,Not Found,3,#N/A
,,,,,145,Wan'Dale Robinson,NYG,WR59,13,22,,WR,270,108,FA,,Patrick Taylor,,RB,,,,,,,Active,Not Found,2,#N/A,,Devontez Walker,,WR,,,,,,,Active,Not Found,3,#N/A
,,,,,255,Zonovan Knight,NYJ,RB76,7,22,,RB,271,89,FA,,Quentin Johnston,,WR,,,,,,,Active,,3,56,,Jake Bobo,,WR,,,,,,,Active,,3,#N/A
,,,,,103,Darren Waller,NYG,TE10,13,30,,TE,272,45,FA,,Quinn Ewers,,QB,,,,,,,Active,Not Found,1,#N/A,,Javon Baker,,WR,,,,,,,Active,Not Found,3,#N/A
,,,,,275,Cincinnati Bengals,CIN,DST16,7,-,,,,,FA,#N/A,Raheem Mostert,,RB,,,,,,,Active,,2,194,,Jermaine Burton,,WR,,,,,,,Active,Not Found,3,#N/A
,,,,,69,Zay Flowers,BAL,WR34,13,22,,WR,273,109,,,Raheim Sanders,,RB,,,,,,,Active,Not Found,2,#N/A,,Jordan Whittington,,WR,,,,,,,Active,Not Found,3,#N/A
,,,,,269,Hendon Hooker,DET,QB34,9,25,,QB,274,36,FA,,Rashod Bateman,,WR,,,,,,,Active,,3,51,,Kameron Johnson,,WR,,,,,,,Active,Not Found,3,#N/A
,,,,,110,Greg Dulcich,DEN,TE12,9,23,,TE,275,46,FA,,Ray-Ray McCloud,,WR,,,,,,,Active,Not Found,3,#N/A,,Kavonte Turpin,,WR,,,,,,,Active,,3,#N/A
,,,,,351,Sam Darnold,SF,QB36,9,26,,QB,276,37,,,Rhamondre Stevenson,,RB,,,,,,,Active,,2,304,,Lil'Jordan Humphrey,,WR,,,,,,,Active,Not Found,3,#N/A
,,,,,283,Jake Elliott,PHI,K9,10,28,,,,,FA,#N/A,Riley Leanord,,QB,,,,,,,Active,Not Found,1,#N/A,,Mecole Hardman,,WR,,,,,,,Active,Not Found,3,#N/A
,,,,,162,D'Onta Foreman,CHI,RB54,13,27,,RB,277,90,FA,#N/A,Roschon Johnson,,RB,,,,,,,Active,,2,92,,Ray-Ray McCloud,,WR,,,,,,,Active,Not Found,3,#N/A
,,,,,,,,,,,,,,,,#N/A,Russell Wilson,,QB,,,,,,,Active,,1,124,,Ryan Flournoy,,WR,,,,,,,Active,Not Found,3,#N/A
,,,,,273,Keaontay Ingram,ARI,RB79,14,23,,RB,277,91,FA,,Ryan Flournoy,,WR,,,,,,,Active,Not Found,3,#N/A,,Savion Williams,,WR,,,,,,,Active,Not Found,3,#N/A
,,,,,131,Josh Downs,IND,WR54,11,21,,WR,278,110,,,Samaje Perine,,RB,,,,,,,Active,,2,121,,Xavier Gipson,,WR,,,,,,,Active,Not Found,3,#N/A
,,,,,231,Denver Broncos,DEN,DST6,9,-,,,,,FA,#N/A,Savion Williams,,WR,,,,,,,Active,Not Found,3,#N/A,,Xavier Restrepo,,WR,,,,,,,Active,Not Found,3,#N/A
,,,,,329,JaMycal Hasty,JAC,RB92,9,26,,RB,279,92,FA,#N/A,Sean Tucker,,RB,,,,,,,Active,,2,230,,Trey McBride,,TE,49,49,49,,,Trevor Hurd,Active,,4,122
,,,,,337,Robert Tonyan,CHI,TE41,13,29,,TE,280,47,FA,#N/A,Shedeur Sanders,,QB,,,,,,,Active,Not Found,1,#N/A,,Kyle Pitts,,TE,39,39,,,,Karl Lucido,Active,,4,243
,,,,,74,Aaron Jones,GB,RB24,6,28,,RB,281,93,,,Sione Vaki,,RB,,,,,,,Active,Not Found,2,#N/A,,Sam LaPorta,,TE,32,,,,,Nick D'Onofrio,Active,,4,115
,,,,,295,Chris Rodriguez Jr.,WAS,RB84,14,22,,RB,282,94,,,Sterling Shepard,,WR,,,,,,,Active,,3,310,,T.J. Hockenson,,TE,30,30,,,,Tony Fakhouri,Active,,4,50
,,,,,362,Brevin Jordan,HOU,TE48,7,23,,TE,283,48,FA,#N/A,Tank Bigsby,,RB,,,,,,,Active,,2,116,,George Kittle,,TE,25,,,,,Dominic Puzzuoli,Active,,4,64
,,,,,478,Chase McLaughlin,TB,K36,5,27,,,,,FA,#N/A,Taysom Hill,,TE,,,,,,,Active,,4,136,,Brock Bowers,RK,TE,19,19,OPT,,,Dan Carnaghi,Active,Not Found,4,#N/A
,,,,,224,Desmond Ridder,ATL,QB31,11,23,,QB,284,38,FA,#N/A,Theo Johnson,,TE,,,,,,,Active,Not Found,4,#N/A,,Tucker Kraft,,TE,17,17,17,17,,Brian Carnaghi,Active,,4,197
,,,,,13,Jahmyr Gibbs,DET,RB6,9,21,,RB,285,95,,,Tim Patrick,,WR,,,,,,,Active,,3,302,,Colston Loveland,RK,TE,16,16,16,OPT,,Akshay Bhanot,Active,Not Found,4,#N/A
,,,,,223,Hunter Henry,NE,TE31,11,28,,TE,286,49,,,Tommy Tremble,,TE,,,,,,,Active,,4,355,,Evan Engram,,TE,16,16,,,,Mike Trudel,Active,,4,143
,,,,,12,Saquon Barkley,NYG,RB5,13,26,,RB,287,96,FA,,Tony Pollard,,RB,,,,,,,Active,,2,208,,Dalton Kincaid,,TE,15,15,,,,Brian Carnaghi,Active,,4,76
,,,,,546,La'Mical Perine,KC,RB150,-,25,,RB,288,97,FA,#N/A,Travis Kelce,,TE,,,,,,,Active,,4,182,,David Njoku,,TE,15,,,,,James Gazarato,Active,,4,100
,,,,,42,Joe Burrow,CIN,QB4,7,26,,QB,289,39,,,Tre Tucker,,WR,,,,,,,Active,,3,345,,Tyler Warren,RK,TE,13,13,13,OPT,,James Gazarato,Active,Not Found,4,#N/A
,,,,,482,Justin Watson,KC,WR161,10,27,,WR,290,111,FA,#N/A,Trevor Etienne,,RB,,,,,,,Active,Not Found,2,#N/A,,Oronde Gadsden,,TE,12,12,12,,,Nick D'Onofrio,Active,Not Found,4,#N/A
,,,,,,,,,,,,,,,,,Trevor Lawrence,,QB,,,,,,,Active,,1,63,,Brenton Strange,,TE,10,10,,,,Zach Gravatas,Active,,4,327
,,,,,350,Mohamed Ibrahim,DET,RB97,9,24,,RB,290,98,FA,#N/A,Trey Palmer,,WR,,,,,,,Active,,3,211,,Jake Ferguson,,TE,10,,,,,Mike Trudel,Active,,4,96
,,,,,396,Kyle Trask,TB,QB40,5,25,,QB,291,40,FA,#N/A,Treylon Burks,,WR,,,,,,,Active,,3,57,,Hunter Henry,,TE,8,8,,,,Tony Fakhouri,Active,,4,286
,,,,,331,Devin Duvernay,BAL,WR112,13,25,,WR,292,112,FA,#N/A,Tua Tagovailoa,,QB,,,,,,,Active,,1,102,,AJ Barner,,TE,8,8,,,,James Gazarato,Active,Not Found,4,#N/A
,,,,,327,Brett Maher,FA,K25,-,33,,,,,FA,#N/A,Tutu Atwell,,WR,,,,,,,Active,,3,330,,Mason Taylor,RK,TE,7,7,OPT,,,Jimmy Wilson,Active,Not Found,4,#N/A
,,,,,320,Kendrick Bourne,NE,WR110,11,27,,WR,293,113,FA,,Ty Chandler,,RB,,,,,,,Active,,2,186,,Terrance Ferguson,RK,TE,5,5,OPT,,,Karl Lucido,Active,Not Found,4,#N/A
,,,,,254,Tyler Bass,BUF,K4,13,26,,,,,FA,#N/A,Tyler Allgeier,,RB,,,,,,,Active,,2,311,,Jonnu Smith,,TE,4,,,,,Dominic Puzzuoli,Active,,4,119
,,,,,226,Darnell Washington,PIT,TE32,6,21,,TE,294,50,FA,,Tyler Conklin,,TE,,,,,,,Active,,4,238,,Cade Otton,,TE,4,,,,,Dan Carnaghi,Active,,4,200
,,,,,426,Sony Michel,LAR,RB118,10,28,,RB,295,99,FA,#N/A,Tyler Goodson,,RB,,,,,,,Active,Not Found,2,#N/A,,Harold Fannin,RK,TE,1,1,,,,Tony Fakhouri,Active,Not Found,4,#N/A
,,,,,208,Will Levis,TEN,QB29,7,24,,QB,296,41,FA,,Tyler Higbee,,TE,,,,,,,Active,,4,184,,Elijah Arroyo,RK,TE,1,1,,,,Trevor Hurd,Active,Not Found,4,#N/A
,,,,,282,Los Angeles Rams,LAR,DST19,10,-,,,,,FA,#N/A,Tyler Scott,,WR,,,,,,,Active,,3,199,,Ja'Tavion Sanders,RK,TE,1,,,,,Dominic Puzzuoli,Active,Not Found,4,#N/A
,,,,,248,Robert Woods,HOU,WR96,7,31,,WR,297,114,FA,#N/A,Tyquan Thornton,,WR,,,,,,,Active,,3,209,,Luke Musgrave,,TE,,,,,,,Active,,4,1
,,,,,68,Calvin Ridley,JAC,WR33,9,28,,WR,298,115,FA,,Tyreek Hill,,WR,,,,,,,Active,,3,315,,Mike Gesicki,,TE,,,,,,,Active,,4,3
,,,,,375,Malik Davis,DAL,RB102,7,24,,RB,299,100,FA,#N/A,Tyrone Tracy,,RB,,,,,,,Active,Not Found,2,#N/A,,Mark Andrews,,TE,,,,,,,Active,,4,49
,,,,,490,Mark Ingram II,FA,RB135,-,33,,RB,300,101,FA,#N/A,Van Jefferson,,WR,,,,,,,Active,,3,245,,Chigoziem Okonkwo,,TE,,,,,,,Active,,4,66
,,,,,52,Dameon Pierce,HOU,RB18,7,23,,RB,301,102,FA,,Van Jefferson,,WR,,,,,,,Active,,3,245,,Pat Freiermuth,,TE,,,,,,,Active,,4,71
,,,,,250,Tim Patrick,DEN,WR97,9,29,,WR,302,116,FA,,Wan'Dale Robinson,,WR,,,,,,,Active,,3,270,,Zach Ertz,,TE,,,,,,,Active,,4,74
,,,,,466,Clayton Tune,ARI,QB51,14,24,,QB,303,42,FA,#N/A,Will Dissly,,TE,,,,,,,Active,,4,341,,Logan Thomas,,TE,,,,,,,Active,,4,80
,,,,,28,Rhamondre Stevenson,NE,RB10,11,25,,RB,304,103,FA,,Will Levis,,QB,,,,,,,Active,,1,296,,Cole Kmet,,TE,,,,,,,Active,,4,106
,,,,,294,KJ Hamler,DEN,WR106,9,24,,WR,305,117,FA,#N/A,Xavier Gipson,,WR,,,,,,,Active,Not Found,3,#N/A,,Dallas Goedert,,TE,,,,,,,Active,,4,123
,,,,,371,Nelson Agholor,BAL,WR127,13,30,,WR,306,118,FA,#N/A,Xavier Restrepo,,WR,,,,,,,Active,Not Found,3,#N/A,,Luke Schoonmaker,,TE,,,,,,,Active,,4,135
,,,,,33,Davante Adams,LV,WR16,13,30,,WR,307,119,,,Zach Ertz,,TE,,,,,,,Active,,4,74,,Taysom Hill,,TE,,,,,,,Active,,4,136
,,,,,374,Trey Sermon,PHI,RB101,10,24,,RB,308,104,FA,#N/A,Zach Pascal,,WR,,,,,,,Active,,3,437,,Juwan Johnson,,TE,,,,,,,Active,,4,152
,,,,,306,Jalen Tolbert,DAL,WR109,7,24,,WR,309,120,FA,,Zavier Scott,,RB,,,,,,,Active,Not Found,2,#N/A,,Isaiah Likely,,TE,,,,,,,Active,,4,168
,,,,,340,Sterling Shepard,NYG,WR117,13,30,,WR,310,121,FA,,Zay Jones,,WR,,,,,,,Active,,3,101,,Dawson Knox,,TE,,,,,,,Active,,4,178
,,,,,128,Tyler Allgeier,ATL,RB44,11,23,,RB,311,105,FA,,Zonovan Knight,,RB,,,,,,,Active,,2,271,,Irv Smith Jr.,,TE,,,,,,,Active,,4,181
,,,,,300,Isaiah McKenzie,IND,WR107,11,28,,WR,312,122,FA,,,,,,,,,,,,,,#N/A,,Travis Kelce,,TE,,,,,,,Active,,4,182
,,,,,247,Pittsburgh Steelers,PIT,DST9,6,-,,,,,FA,#N/A,,,,,,,,,,,,,#N/A,,Tyler Higbee,,TE,,,,,,,Active,,4,184
,,,,,501,Grant DuBose,GB,WR170,6,22,,WR,313,123,FA,#N/A,Pick 1.01,RK,PICK,45,45,45,45,OPT,Dan Carnaghi,Active,,,#N/A,,Noah Fant,,TE,,,,,,,Active,,4,227
,,,,,165,Jaylen Warren,PIT,RB56,6,24,,RB,314,106,FA,,Pick 1.02,RK,PICK,38,38,38,38,OPT,Tony Fakhouri,Active,Not Found,,#N/A,,Tyler Conklin,,TE,,,,,,,Active,,4,238
,,,,,16,Tyreek Hill,MIA,WR9,10,29,,WR,315,124,FA,,Pick 1.03,RK,PICK,32,32,32,32,OPT,Dominic Puzzuoli,Active,Not Found,,#N/A,,Dalton Schultz,,TE,,,,,,,Active,,4,246
,,,,,35,Nick Chubb,CLE,RB14,5,27,,RB,316,107,FA,,Pick 1.04,RK,PICK,27,27,27,27,OPT,Dominic Puzzuoli,Active,Not Found,,#N/A,,Michael Mayer,,TE,,,,,,,Active,,4,256
,,,,,227,Allen Robinson II,PIT,WR89,6,29,,WR,317,125,FA,#N/A,Pick 1.05,RK,PICK,23,23,23,23,OPT,Dan Carnaghi,Active,Not Found,,#N/A,,Darren Waller,,TE,,,,,,,Active,,4,272
,,,,,71,Joe Mixon,CIN,RB23,7,26,,RB,318,108,,,Pick 1.06,RK,PICK,19,19,19,19,OPT,Tony Fakhouri,Active,Not Found,,#N/A,,Greg Dulcich,,TE,,,,,,,Active,,4,275
,,,,,442,Joey Slye,WAS,K33,14,27,,,,,FA,#N/A,Pick 1.07,RK,PICK,16,16,16,16,OPT,Karl Lucido,Active,Not Found,,#N/A,,Darnell Washington,,TE,,,,,,,Active,,4,294
,,,,,311,Deon Jackson,IND,RB89,11,24,,RB,319,109,FA,#N/A,Pick 1.08,RK,PICK,14,14,14,14,OPT,Jimmy Wilson,Active,Not Found,,#N/A,,Foster Moreau,,TE,,,,,,,Active,,4,333
,,,,,49,J.K. Dobbins,BAL,RB16,13,24,,RB,320,110,FA,,Pick 1.09,RK,PICK,13,13,13,13,OPT,Dan Carnaghi,Active,Not Found,,#N/A,,Noah Gray,,TE,,,,,,,Active,,4,337
,,,,,146,Rondale Moore,ARI,WR60,14,23,,WR,321,126,FA,#N/A,Pick 1.10,RK,PICK,12,12,12,12,OPT,Akshay Bhanot,Active,Not Found,,#N/A,,Will Dissly,,TE,,,,,,,Active,,4,341
,,,,,342,Eno Benjamin,NO,RB95,11,24,,RB,322,111,FA,#N/A,Pick 1.11,RK,PICK,11,11,11,11,OPT,Tony Fakhouri,Active,Not Found,,#N/A,,Tommy Tremble,,TE,,,,,,,Active,,4,355
,,,,,343,Albert Okwuegbunam,DEN,TE43,9,25,,TE,323,51,FA,#N/A,Pick 1.12,RK,PICK,10,10,10,10,OPT,Dominic Puzzuoli,Active,,,#N/A,,Grant Calcaterra,,TE,,,,,,,Active,,4,446
,,,,,344,Dontayvion Wicks,GB,WR118,6,22,,WR,324,127,FA,,Pick 2.13,RK,PICK,9,9,9,OPT,,Nick D'Onofrio,Active,Not Found,,#N/A,,Colby Parkinson,,TE,,,,,,,Active,,4,448
,,,,,345,Cairo Santos,CHI,K27,13,31,,,,,FA,#N/A,Pick 2.14,RK,PICK,9,9,9,OPT,,Tony Fakhouri,Active,Not Found,,#N/A,,Ben Sinnott,,TE,,,,,,,Active,Not Found,4,#N/A
,,,,,346,Harrison Bryant,CLE,TE44,5,25,,TE,325,52,FA,#N/A,Pick 2.15,RK,PICK,9,9,9,OPT,,Brian Carnaghi,Active,Not Found,,#N/A,,Jake Tonges,,TE,,,,,,,Active,Not Found,4,#N/A
,,,,,347,Boston Scott,PHI,RB96,10,28,,RB,326,112,FA,#N/A,Pick 2.16,RK,PICK,8,8,8,OPT,,Tony Fakhouri,Active,Not Found,,#N/A,,Theo Johnson,,TE,,,,,,,Active,Not Found,4,#N/A
,,,,,348,Brenton Strange,JAC,TE45,9,22,,TE,327,53,,,Pick 2.17,RK,PICK,8,8,8,OPT,,Nick D'Onofrio,Active,Not Found,,#N/A,,Pick 1.01,RK,PICK,45,45,45,45,OPT,Dan Carnaghi,Active,,,#N/A
,,,,,352,Zack Kuntz,NYJ,TE46,7,24,,TE,328,54,FA,#N/A,Pick 2.18,RK,PICK,8,8,8,OPT,,James Gazarato,Active,Not Found,,#N/A,,Pick 1.02,RK,PICK,38,38,38,38,OPT,Tony Fakhouri,Active,Not Found,,#N/A
,,,,,353,Andrei Iosivas,CIN,WR120,7,23,,WR,329,128,,,Pick 2.19,RK,PICK,7,7,7,OPT,,Karl Lucido,Active,Not Found,,#N/A,,Pick 1.03,RK,PICK,32,32,32,32,OPT,Dominic Puzzuoli,Active,Not Found,,#N/A
,,,,,354,Tutu Atwell,LAR,WR121,10,23,,WR,330,129,FA,,Pick 2.20,RK,PICK,7,7,7,OPT,,Jimmy Wilson,Active,Not Found,,#N/A,,Pick 1.04,RK,PICK,27,27,27,27,OPT,Dominic Puzzuoli,Active,Not Found,,#N/A
,,,,,356,Darrell Henderson Jr.,FA,RB98,-,25,,RB,331,113,FA,#N/A,Pick 2.21,RK,PICK,6,6,6,OPT,,Jimmy Wilson,Active,Not Found,,#N/A,,Pick 1.05,RK,PICK,23,23,23,23,OPT,Dan Carnaghi,Active,Not Found,,#N/A
,,,,,361,Calvin Austin III,PIT,WR125,6,24,,WR,332,130,FA,#N/A,Pick 2.22,RK,PICK,6,6,6,OPT,,Tony Fakhouri,Active,Not Found,,#N/A,,Pick 1.06,RK,PICK,19,19,19,19,OPT,Tony Fakhouri,Active,Not Found,,#N/A
,,,,,363,Foster Moreau,NO,TE49,11,26,,TE,333,55,FA,,Pick 2.23,RK,PICK,5,5,5,OPT,,Tony Fakhouri,Active,Not Found,,#N/A,,Pick 1.07,RK,PICK,16,16,16,16,OPT,Karl Lucido,Active,Not Found,,#N/A
,,,,,365,Zach Wilson,NYJ,QB38,7,23,,QB,334,43,FA,#N/A,Pick 2.24,RK,PICK,5,5,5,OPT,,Brian Carnaghi,Active,Not Found,,#N/A,,Pick 1.08,RK,PICK,14,14,14,14,OPT,Jimmy Wilson,Active,Not Found,,#N/A
,,,,,366,Danny Gray,SF,WR126,9,24,,WR,335,131,FA,#N/A,Pick 3.25,RK,PICK,1,1,1,,,Dan Carnaghi,Active,Not Found,,#N/A,,Pick 1.09,RK,PICK,13,13,13,13,OPT,Dan Carnaghi,Active,Not Found,,#N/A
,,,,,367,Houston Texans,HOU,DST28,7,-,,,,,FA,#N/A,Pick 3.26,RK,PICK,1,1,1,,,Tony Fakhouri,Active,Not Found,,#N/A,,Pick 1.10,RK,PICK,12,12,12,12,OPT,Akshay Bhanot,Active,Not Found,,#N/A
,,,,,368,Adam Trautman,DEN,TE50,9,26,,TE,336,56,FA,#N/A,Pick 3.27,RK,PICK,1,1,1,,,Dominic Puzzuoli,Active,Not Found,,#N/A,,Pick 1.11,RK,PICK,11,11,11,11,OPT,Tony Fakhouri,Active,Not Found,,#N/A
,,,,,372,Arizona Cardinals,ARI,DST29,14,-,,,,,FA,#N/A,Pick 3.28,RK,PICK,1,1,1,,,Jimmy Wilson,Active,Not Found,,#N/A,,Pick 1.12,RK,PICK,10,10,10,10,OPT,Dominic Puzzuoli,Active,,,#N/A
,,,,,373,Randy Bullock,FA,K28,-,33,,,,,FA,#N/A,Pick 3.29,RK,PICK,1,1,1,,,Trevor Hurd,Active,Not Found,,#N/A,,Pick 2.13,RK,PICK,9,9,9,OPT,,Nick D'Onofrio,Active,Not Found,,#N/A
,,,,,377,Noah Gray,KC,TE52,10,24,,TE,337,57,FA,,Pick 3.30,RK,PICK,1,1,1,,,Nick D'Onofrio,Active,Not Found,,#N/A,,Pick 2.14,RK,PICK,9,9,9,OPT,,Tony Fakhouri,Active,Not Found,,#N/A
,,,,,378,Jeremy Ruckert,NYJ,TE53,7,22,,TE,338,58,FA,#N/A,Pick 3.31,RK,PICK,1,1,1,,,Karl Lucido,Active,Not Found,,#N/A,,Pick 2.15,RK,PICK,9,9,9,OPT,,Brian Carnaghi,Active,Not Found,,#N/A
,,,,,379,Deonte Harty,BUF,WR128,13,25,,WR,339,132,FA,#N/A,Pick 3.32,RK,PICK,1,1,1,,,Jimmy Wilson,Active,Not Found,,#N/A,,Pick 2.16,RK,PICK,8,8,8,OPT,,Tony Fakhouri,Active,Not Found,,#N/A
,,,,,380,Chicago Bears,CHI,DST30,13,-,,,,,FA,#N/A,Pick 3.33,RK,PICK,1,1,1,,,Mike Trudel,Active,Not Found,,#N/A,,Pick 2.17,RK,PICK,8,8,8,OPT,,Nick D'Onofrio,Active,Not Found,,#N/A
,,,,,381,Bailey Zappe,NE,QB39,11,24,,QB,340,44,FA,#N/A,Pick 3.34,RK,PICK,1,1,1,,,Karl Lucido,Active,Not Found,,#N/A,,Pick 2.18,RK,PICK,8,8,8,OPT,,James Gazarato,Active,Not Found,,#N/A
,,,,,384,Will Dissly,SEA,TE54,5,27,,TE,341,59,FA,,Pick 3.35,RK,PICK,1,1,1,,,Dan Carnaghi,Active,Not Found,,#N/A,,Pick 2.19,RK,PICK,7,7,7,OPT,,Karl Lucido,Active,Not Found,,#N/A
,,,,,385,Noah Brown,HOU,WR130,7,27,,WR,342,133,FA,,Pick 3.36,RK,PICK,1,1,1,,,Trevor Hurd,Active,Not Found,,#N/A,,Pick 2.20,RK,PICK,7,7,7,OPT,,Jimmy Wilson,Active,Not Found,,#N/A
,,,,,386,Will Mallory,IND,TE55,11,24,,TE,343,60,FA,#N/A,,,,,,,,,,,,,#N/A,,Pick 2.21,RK,PICK,6,6,6,OPT,,Jimmy Wilson,Active,Not Found,,#N/A
,,,,,387,Mack Hollins,ATL,WR131,11,29,,WR,344,134,FA,,,,,,,,,,,,,,#N/A,,Pick 2.22,RK,PICK,6,6,6,OPT,,Tony Fakhouri,Active,Not Found,,#N/A
,,,,,388,Tre Tucker,LV,WR132,13,22,,WR,345,135,FA,,,,,,,,,,,,,,#N/A,,Pick 2.23,RK,PICK,5,5,5,OPT,,Tony Fakhouri,Active,Not Found,,#N/A
,,,,,389,Dontrell Hilliard,FA,RB105,-,28,,RB,346,114,FA,#N/A,,,,,,,,,,,,,#N/A,,Pick 2.24,RK,PICK,5,5,5,OPT,,Brian Carnaghi,Active,Not Found,,#N/A
,,,,,390,Nick Westbrook-Ikhine,TEN,WR133,7,26,,WR,347,136,FA,,,,,,,,,,,,,,#N/A,,Pick 3.25,RK,PICK,1,1,1,,,Dan Carnaghi,Active,Not Found,,#N/A
,,,,,392,Kenyan Drake,FA,RB106,-,29,,RB,348,115,FA,#N/A,,,,,,,,,,,,,#N/A,,Pick 3.26,RK,PICK,1,1,1,,,Tony Fakhouri,Active,Not Found,,#N/A
,,,,,393,Jarvis Landry,FA,WR134,-,30,,WR,349,137,FA,#N/A,,,,,,,,,,,,,#N/A,,Pick 3.27,RK,PICK,1,1,1,,,Dominic Puzzuoli,Active,Not Found,,#N/A
,,,,,394,Chosen Anderson,MIA,WR135,10,30,,WR,350,138,FA,,,,,,,,,,,,,,#N/A,,Pick 3.28,RK,PICK,1,1,1,,,Jimmy Wilson,Active,Not Found,,#N/A
,,,,,395,Donald Parham Jr.,LAC,TE57,5,25,,TE,351,61,FA,#N/A,,,,,,,,,,,,,#N/A,,Pick 3.29,RK,PICK,1,1,1,,,Trevor Hurd,Active,Not Found,,#N/A
,,,,,397,Lew Nichols III,GB,RB107,6,21,,RB,352,116,FA,#N/A,,,,,,,,,,,,,#N/A,,Pick 3.30,RK,PICK,1,1,1,,,Nick D'Onofrio,Active,Not Found,,#N/A
,,,,,399,Rakim Jarrett,TB,WR136,5,22,,WR,353,139,FA,#N/A,,,,,,,,,,,,,#N/A,,Pick 3.31,RK,PICK,1,1,1,,,Karl Lucido,Active,Not Found,,#N/A
,,,,,400,Elijah Higgins,MIA,TE58,10,22,,TE,354,62,FA,#N/A,,,,,,,,,,,,,#N/A,,Pick 3.32,RK,PICK,1,1,1,,,Jimmy Wilson,Active,Not Found,,#N/A
,,,,,402,Tommy Tremble,CAR,TE59,7,23,,TE,355,63,FA,,,,,,,,,,,,,,#N/A,,Pick 3.33,RK,PICK,1,1,1,,,Mike Trudel,Active,Not Found,,#N/A
,,,,,404,Trestan Ebner,CHI,RB110,13,24,,RB,356,117,FA,#N/A,,,,,,,,,,,,,#N/A,,Pick 3.34,RK,PICK,1,1,1,,,Karl Lucido,Active,Not Found,,#N/A
,,,,,405,Tyler Badie,DEN,RB111,9,23,,RB,357,118,FA,#N/A,,,,,,,,,,,,,#N/A,,Pick 3.35,RK,PICK,1,1,1,,,Dan Carnaghi,Active,Not Found,,#N/A
,,,,,406,Ke'Shawn Vaughn,TB,RB112,5,26,,RB,358,119,FA,#N/A,,,,,,,,,,,,,#N/A,,Pick 3.36,RK,PICK,1,1,1,,,Trevor Hurd,Active,Not Found,,#N/A
,,,,,407,Jamison Crowder,NYG,WR137,13,30,,WR,359,140,FA,#N/A,,,,,,,,,,,,,#N/A,,,,,,,,,,,,,,#N/A
,,,,,408,Myles Gaskin,MIA,RB113,10,26,,RB,360,120,FA,,,,,,,,,,,,,,#N/A,,,,,,,,,,,,,,#N/A
,,,,,409,Snoop Conner,JAC,RB114,9,23,,RB,361,121,FA,#N/A,,,,,,,,,,,,,#N/A,,,,,,,,,,,,,,#N/A
,,,,,410,Jake Moody,SF,K29,9,23,,,,,FA,#N/A,,,,,,,,,,,,,#N/A,,,,,,,,,,,,,,#N/A
,,,,,411,Mason Crosby,FA,K30,-,38,,,,,FA,#N/A,,,,,,,,,,,,,#N/A,,,,,,,,,,,,,,#N/A
,,,,,413,Cade York,CLE,K31,5,22,,,,,FA,#N/A,,,,,,,,,,,,,#N/A,,,,,,,,,,,,,,#N/A
,,,,,415,Justin Shorter,BUF,WR139,13,23,,WR,362,141,FA,#N/A,,,,,,,,,,,,,#N/A,,,,,,,,,,,,,,#N/A
,,,,,416,DeeJay Dallas,SEA,RB115,5,24,,RB,363,122,FA,#N/A,,,,,,,,,,,,,#N/A,,,,,,,,,,,,,,#N/A
,,,,,417,Mo Alie-Cox,IND,TE62,11,29,,TE,364,64,FA,#N/A,,,,,,,,,,,,,#N/A,,,,,,,,,,,,,,#N/A
,,,,,418,Jameis Winston,NO,QB41,11,29,,QB,365,45,FA,,,,,,,,,,,,,,#N/A,,,,,,,,,,,,,,#N/A
,,,,,419,Julio Jones,FA,WR140,-,34,,WR,366,142,FA,,,,,,,,,,,,,,#N/A,,,,,,,,,,,,,,#N/A
,,,,,420,Darrel Williams,FA,RB116,-,28,,RB,367,123,FA,,,,,,,,,,,,,,#N/A,,,,,,,,,,,,,,#N/A
,,,,,421,Braxton Berrios,MIA,WR141,10,27,,WR,368,143,FA,#N/A,,,,,,,,,,,,,#N/A,,,,,,,,,,,,,,#N/A
,,,,,422,Hunter Long,LAR,TE63,10,24,,TE,369,65,FA,#N/A,,,,,,,,,,,,,#N/A,,,,,,,,,,,,,,#N/A
,,,,,423,Matt Breida,NYG,RB117,13,28,,RB,370,124,FA,#N/A,,,,,,,,,,,,,#N/A,,,,,,,,,,,,,,#N/A
,,,,,424,Derius Davis,LAC,WR142,5,22,,WR,371,144,FA,,,,,,,,,,,,,,#N/A,,,,,,,,,,,,,,#N/A
,,,,,425,Atlanta Falcons,ATL,DST31,11,-,,,,,FA,#N/A,,,,,,,,,,,,,#N/A,,,,,,,,,,,,,,#N/A
,,,,,427,Amari Rodgers,HOU,WR143,7,23,,WR,372,145,FA,#N/A,,,,,,,,,,,,,#N/A,,,,,,,,,,,,,,#N/A
,,,,,429,Bryce Ford-Wheaton,NYG,WR144,13,23,,WR,373,146,FA,#N/A,,,,,,,,,,,,,#N/A,,,,,,,,,,,,,,#N/A
,,,,,430,Denzel Mims,NYJ,WR145,7,25,,WR,374,147,FA,#N/A,,,,,,,,,,,,,#N/A,,,,,,,,,,,,,,#N/A
,,,,,431,Rodrigo Blankenship,TB,K32,5,26,,,,,FA,#N/A,,,,,,,,,,,,,#N/A,,,,,,,,,,,,,,#N/A
,,,,,432,Craig Reynolds,DET,RB119,9,27,,RB,375,125,FA,#N/A,,,,,,,,,,,,,#N/A,,,,,,,,,,,,,,#N/A
,,,,,433,Ben Skowronek,LAR,WR146,10,26,,WR,376,148,FA,#N/A,,,,,,,,,,,,,#N/A,,,,,,,,,,,,,,#N/A
,,,,,434,Taylor Heinicke,ATL,QB43,11,30,,QB,377,46,FA,#N/A,,,,,,,,,,,,,#N/A,,,,,,,,,,,,,,#N/A
,,,,,435,Quez Watkins,PHI,WR147,10,25,,WR,378,149,FA,#N/A,,,,,,,,,,,,,#N/A,,,,,,,,,,,,,,#N/A
,,,,,436,Cedrick Wilson Jr.,MIA,WR148,10,27,,WR,379,150,FA,#N/A,,,,,,,,,,,,,#N/A,,,,,,,,,,,,,,#N/A
,,,,,438,Ronnie Bell,SF,WR149,9,23,,WR,380,151,FA,#N/A,,,,,,,,,,,,,#N/A,,,,,,,,,,,,,,#N/A
,,,,,439,Justice Hill,BAL,RB120,13,25,,RB,381,126,,,,,,,,,,,,,,,#N/A,,,,,,,,,,,,,,#N/A
,,,,,440,Carson Wentz,FA,QB45,-,30,,QB,382,47,FA,,,,,,,,,,,,,,#N/A,,,,,,,,,,,,,,#N/A
,,,,,441,Rex Burkhead,FA,RB121,-,33,,RB,383,127,FA,#N/A,,,,,,,,,,,,,#N/A,,,,,,,,,,,,,,#N/A
,,,,,443,Malik Willis,TEN,QB46,7,24,,QB,384,48,FA,#N/A,,,,,,,,,,,,,#N/A,,,,,,,,,,,,,,#N/A
,,,,,444,Chad Ryland,NE,K34,11,23,,,,,FA,#N/A,,,,,,,,,,,,,#N/A,,,,,,,,,,,,,,#N/A
,,,,,445,Josh Oliver,MIN,TE64,13,26,,TE,385,66,FA,#N/A,,,,,,,,,,,,,#N/A,,,,,,,,,,,,,,#N/A
,,,,,446,O.J. Howard,LV,TE65,13,28,,TE,386,67,FA,#N/A,,,,,,,,,,,,,#N/A,,,,,,,,,,,,,,#N/A
,,,,,447,Jauan Jennings,SF,WR150,9,26,,WR,387,152,,,,,,,,,,,,,,,#N/A,,,,,,,,,,,,,,#N/A
,,,,,448,Kalif Raymond,DET,WR151,9,28,,WR,388,153,FA,,,,,,,,,,,,,,#N/A,,,,,,,,,,,,,,#N/A
,,,,,449,Las Vegas Raiders,LV,DST32,13,-,,,,,FA,#N/A,,,,,,,,,,,,,#N/A,,,,,,,,,,,,,,#N/A
,,,,,450,Eddy Pineiro,CAR,K35,7,27,,,,,FA,#N/A,,,,,,,,,,,,,#N/A,,,,,,,,,,,,,,#N/A
,,,,,451,Marlon Mack,FA,RB122,-,27,,RB,389,128,FA,,,,,,,,,,,,,,#N/A,,,,,,,,,,,,,,#N/A
,,,,,452,James Mitchell,DET,TE66,9,23,,TE,390,68,FA,#N/A,,,,,,,,,,,,,#N/A,,,,,,,,,,,,,,#N/A
,,,,,454,Durham Smythe,MIA,TE67,10,27,,TE,391,69,FA,,,,,,,,,,,,,,#N/A,,,,,,,,,,,,,,#N/A
,,,,,455,Mike Boone,HOU,RB123,7,28,,RB,392,129,FA,,,,,,,,,,,,,,#N/A,,,,,,,,,,,,,,#N/A
,,,,,456,Davis Mills,HOU,QB48,7,24,,QB,393,49,FA,#N/A,,,,,,,,,,,,,#N/A,,,,,,,,,,,,,,#N/A
,,,,,457,Camerun Peoples,CAR,RB124,7,23,,RB,394,130,FA,,,,,,,,,,,,,,#N/A,,,,,,,,,,,,,,#N/A
,,,,,458,Demario Douglas,NE,WR152,11,22,,WR,395,154,FA,,,,,,,,,,,,,,#N/A,,,,,,,,,,,,,,#N/A
,,,,,459,Caleb Huntley,ATL,RB125,11,24,,RB,396,131,FA,#N/A,,,,,,,,,,,,,#N/A,,,,,,,,,,,,,,#N/A
,,,,,460,Travis Homer,CHI,RB126,13,24,,RB,397,132,FA,#N/A,,,,,,,,,,,,,#N/A,,,,,,,,,,,,,,#N/A
,,,,,461,Peyton Hendershot,DAL,TE68,7,24,,TE,398,70,FA,#N/A,,,,,,,,,,,,,#N/A,,,,,,,,,,,,,,#N/A
,,,,,462,Jordan Akins,CLE,TE69,5,31,,TE,399,71,FA,#N/A,,,,,,,,,,,,,#N/A,,,,,,,,,,,,,,#N/A
,,,,,463,Mike White,MIA,QB49,10,28,,QB,400,50,FA,#N/A,,,,,,,,,,,,,#N/A,,,,,,,,,,,,,,#N/A
,,,,,464,DeAndre Carter,LV,WR153,13,30,,WR,401,155,FA,#N/A,,,,,,,,,,,,,#N/A,,,,,,,,,,,,,,#N/A
,,,,,465,Jarrett Stidham,DEN,QB50,9,26,,QB,402,51,FA,#N/A,,,,,,,,,,,,,#N/A,,,,,,,,,,,,,,#N/A
,,,,,467,Anthony Schwartz,CLE,WR154,5,22,,WR,403,156,FA,,,,,,,,,,,,,,#N/A,,,,,,,,,,,,,,#N/A
,,,,,468,Deneric Prince,KC,RB127,10,23,,RB,404,133,FA,#N/A,,,,,,,,,,,,,#N/A,,,,,,,,,,,,,,#N/A
,,,,,469,William Fuller V,FA,WR155,-,29,,WR,405,157,FA,,,,,,,,,,,,,,#N/A,,,,,,,,,,,,,,#N/A
,,,,,470,Jake Haener,NO,QB52,11,24,,QB,406,52,FA,#N/A,,,,,,,,,,,,,#N/A,,,,,,,,,,,,,,#N/A
,,,,,471,Kenny Golladay,FA,WR156,-,29,,WR,407,158,FA,#N/A,,,,,,,,,,,,,#N/A,,,,,,,,,,,,,,#N/A
,,,,,472,Tre'Quan Smith,NO,WR157,11,27,,WR,408,159,FA,#N/A,,,,,,,,,,,,,#N/A,,,,,,,,,,,,,,#N/A
,,,,,474,Gary Brightwell,NYG,RB129,13,24,,RB,409,134,FA,#N/A,,,,,,,,,,,,,#N/A,,,,,,,,,,,,,,#N/A
,,,,,475,Erik Ezukanma,MIA,WR158,10,23,,WR,410,160,FA,,,,,,,,,,,,,,#N/A,,,,,,,,,,,,,,#N/A
,,,,,477,Xazavian Valladay,HOU,RB130,7,25,,RB,411,135,FA,#N/A,,,,,,,,,,,,,#N/A,,,,,,,,,,,,,,#N/A
,,,,,479,Dontay Demus,FA,WR159,-,-,,WR,412,161,FA,#N/A,,,,,,,,,,,,,#N/A,,,,,,,,,,,,,,#N/A
,,,,,480,Jalen Guyton,LAC,WR160,5,26,,WR,413,162,FA,,,,,,,,,,,,,,#N/A,,,,,,,,,,,,,,#N/A
,,,,,483,Justin Jackson,FA,RB132,-,27,,RB,414,136,FA,#N/A,,,,,,,,,,,,,#N/A,,,,,,,,,,,,,,#N/A
,,,,,484,Salvon Ahmed,MIA,RB133,10,24,,RB,415,137,FA,#N/A,,,,,,,,,,,,,#N/A,,,,,,,,,,,,,,#N/A
,,,,,486,Dee Eskridge,SEA,WR162,5,26,,WR,416,163,FA,#N/A,,,,,,,,,,,,,#N/A,,,,,,,,,,,,,,#N/A
,,,,,487,Equanimeous St. Brown,CHI,WR163,13,26,,WR,417,164,FA,#N/A,,,,,,,,,,,,,#N/A,,,,,,,,,,,,,,#N/A
,,,,,488,Cole Turner,WAS,TE71,14,23,,TE,418,72,FA,#N/A,,,,,,,,,,,,,#N/A,,,,,,,,,,,,,,#N/A
,,,,,489,Dan Arnold,PHI,TE72,10,28,,TE,419,73,FA,#N/A,,,,,,,,,,,,,#N/A,,,,,,,,,,,,,,#N/A
,,,,,491,Shi Smith,CAR,WR164,7,24,,WR,420,165,FA,#N/A,,,,,,,,,,,,,#N/A,,,,,,,,,,,,,,#N/A
,,,,,492,J.J. Taylor,NE,RB136,11,25,,RB,421,138,FA,#N/A,,,,,,,,,,,,,#N/A,,,,,,,,,,,,,,#N/A
,,,,,494,Randall Cobb,NYJ,WR165,7,32,,WR,422,166,FA,#N/A,,,,,,,,,,,,,#N/A,,,,,,,,,,,,,,#N/A
,,,,,495,Demetric Felton Jr.,CLE,RB137,5,25,,RB,423,139,FA,#N/A,,,,,,,,,,,,,#N/A,,,,,,,,,,,,,,#N/A
,,,,,496,Jalen Reagor,MIN,WR166,13,24,,WR,424,167,FA,,,,,,,,,,,,,,#N/A,,,,,,,,,,,,,,#N/A
,,,,,497,Artavis Scott,FA,WR167,-,28,,WR,425,168,FA,#N/A,,,,,,,,,,,,,#N/A,,,,,,,,,,,,,,#N/A
,,,,,498,Trent Sherfield,BUF,WR168,13,27,,WR,426,169,FA,#N/A,,,,,,,,,,,,,#N/A,,,,,,,,,,,,,,#N/A
,,,,,499,Scott Miller,ATL,WR169,11,25,,WR,427,170,FA,#N/A,,,,,,,,,,,,,#N/A,,,,,,,,,,,,,,#N/A
,,,,,500,Raheem Blackshear,CAR,RB138,7,24,,RB,428,140,FA,#N/A,,,,,,,,,,,,,#N/A,,,,,,,,,,,,,,#N/A
,,,,,502,Jalen Nailor,MIN,WR171,13,24,,WR,429,171,FA,,,,,,,,,,,,,,#N/A,,,,,,,,,,,,,,#N/A
,,,,,503,Marquise Goodwin,CLE,WR172,5,32,,WR,430,172,FA,#N/A,,,,,,,,,,,,,#N/A,,,,,,,,,,,,,,#N/A
,,,,,504,Bryan Edwards,NO,WR173,11,24,,WR,431,173,FA,#N/A,,,,,,,,,,,,,#N/A,,,,,,,,,,,,,,#N/A
,,,,,505,Aidan O'Connell,LV,QB53,13,24,,QB,432,53,FA,#N/A,,,,,,,,,,,,,#N/A,,,,,,,,,,,,,,#N/A
,,,,,506,Ashton Dulin,IND,WR174,11,26,,WR,433,174,FA,#N/A,,,,,,,,,,,,,#N/A,,,,,,,,,,,,,,#N/A
,,,,,507,Tyler Johnson,LAR,WR175,10,24,,WR,434,175,FA,#N/A,,,,,,,,,,,,,#N/A,,,,,,,,,,,,,,#N/A
,,,,,508,John Bates,WAS,TE74,14,25,,TE,435,74,FA,#N/A,,,,,,,,,,,,,#N/A,,,,,,,,,,,,,,#N/A
,,,,,509,Jaret Patterson,WAS,RB139,14,23,,RB,436,141,FA,#N/A,,,,,,,,,,,,,#N/A,,,,,,,,,,,,,,#N/A
,,,,,510,Zach Pascal,ARI,WR176,14,28,,WR,437,176,FA,,,,,,,,,,,,,,#N/A,,,,,,,,,,,,,,#N/A
,,,,,511,Samori Toure,GB,WR177,6,25,,WR,438,177,FA,#N/A,,,,,,,,,,,,,#N/A,,,,,,,,,,,,,,#N/A
,,,,,513,N'Keal Harry,FA,WR179,-,25,,WR,439,178,FA,#N/A,,,,,,,,,,,,,#N/A,,,,,,,,,,,,,,#N/A
,,,,,514,Tony Jones Jr.,DEN,RB140,9,25,,RB,440,142,FA,#N/A,,,,,,,,,,,,,#N/A,,,,,,,,,,,,,,#N/A
,,,,,515,Jaelon Darden,CLE,WR180,5,24,,WR,441,179,FA,#N/A,,,,,,,,,,,,,#N/A,,,,,,,,,,,,,,#N/A
,,,,,516,Cameron Brate,FA,TE75,-,32,,TE,442,75,FA,#N/A,,,,,,,,,,,,,#N/A,,,,,,,,,,,,,,#N/A
,,,,,517,Marcus Mariota,PHI,QB54,10,29,,QB,443,54,FA,,,,,,,,,,,,,,#N/A,,,,,,,,,,,,,,#N/A
,,,,,518,Breshad Perriman,IND,WR181,11,29,,WR,444,180,FA,#N/A,,,,,,,,,,,,,#N/A,,,,,,,,,,,,,,#N/A
,,,,,519,Julius Chestnut,TEN,RB141,7,22,,RB,445,143,FA,#N/A,,,,,,,,,,,,,#N/A,,,,,,,,,,,,,,#N/A
,,,,,520,Grant Calcaterra,PHI,TE76,10,24,,TE,446,76,FA,,,,,,,,,,,,,,#N/A,,,,,,,,,,,,,,#N/A
,,,,,521,Colt McCoy,ARI,QB55,14,36,,QB,447,55,FA,#N/A,,,,,,,,,,,,,#N/A,,,,,,,,,,,,,,#N/A
,,,,,522,Colby Parkinson,SEA,TE77,5,24,,TE,448,77,FA,,,,,,,,,,,,,,#N/A,,,,,,,,,,,,,,#N/A
,,,,,523,Eric Saubert,MIA,TE78,10,29,,TE,449,78,FA,#N/A,,,,,,,,,,,,,#N/A,,,,,,,,,,,,,,#N/A
,,,,,524,Andy Dalton,CAR,QB56,7,35,,QB,450,56,FA,,,,,,,,,,,,,,#N/A,,,,,,,,,,,,,,#N/A
,,,,,525,Brock Wright,DET,TE78,-,24,,TE,451,79,FA,#N/A,,,,,,,,,,,,,#N/A,,,,,,,,,,,,,,#N/A
,,,,,526,Colby Parkinson,SEA,TE79,-,24,,TE,452,80,FA,,,,,,,,,,,,,,#N/A,,,,,,,,,,,,,,#N/A
,,,,,527,Trayveon Williams,FA,RB144,-,25,,RB,453,144,FA,#N/A,,,,,,,,,,,,,#N/A,,,,,,,,,,,,,,#N/A
,,,,,528,Deonte Harty,BUF,WR183,-,25,,WR,454,181,FA,#N/A,,,,,,,,,,,,,#N/A,,,,,,,,,,,,,,#N/A
,,,,,529,Tony Jones Jr.,SEA,RB145,-,25,,RB,455,145,FA,#N/A,,,,,,,,,,,,,#N/A,,,,,,,,,,,,,,#N/A
,,,,,530,Malcolm Brown,FA,RB146,-,29,,RB,456,146,FA,#N/A,,,,,,,,,,,,,#N/A,,,,,,,,,,,,,,#N/A
,,,,,531,James Proche II,BAL,WR184,-,26,,WR,457,182,FA,#N/A,,,,,,,,,,,,,#N/A,,,,,,,,,,,,,,#N/A
,,,,,532,Seth Williams,JAC,WR185,-,22,,WR,458,183,FA,#N/A,,,,,,,,,,,,,#N/A,,,,,,,,,,,,,,#N/A
,,,,,533,Laquon Treadwell,SEA,WR186,-,27,,WR,459,184,FA,#N/A,,,,,,,,,,,,,#N/A,,,,,,,,,,,,,,#N/A
,,,,,534,Keke Coutee,FA,WR187,-,26,,WR,460,185,FA,#N/A,,,,,,,,,,,,,#N/A,,,,,,,,,,,,,,#N/A
,,,,,535,Ty'Son Williams,ARI,RB147,-,26,,RB,461,147,FA,#N/A,,,,,,,,,,,,,#N/A,,,,,,,,,,,,,,#N/A
,,,,,536,Brandon Bolden,LV,RB148,-,33,,RB,462,148,FA,#N/A,,,,,,,,,,,,,#N/A,,,,,,,,,,,,,,#N/A
,,,,,537,Simi Fehoko,DAL,WR188,-,25,,WR,463,186,FA,#N/A,,,,,,,,,,,,,#N/A,,,,,,,,,,,,,,#N/A
,,,,,538,Lynn Bowden Jr.,NE,WR189,-,25,,WR,464,187,FA,#N/A,,,,,,,,,,,,,#N/A,,,,,,,,,,,,,,#N/A
,,,,,540,Devin Asiasi,CIN,TE80,-,25,,TE,465,81,FA,#N/A,,,,,,,,,,,,,#N/A,,,,,,,,,,,,,,#N/A
,,,,,541,Bo Melton,GB,WR190,-,23,,WR,466,188,FA,#N/A,,,,,,,,,,,,,#N/A,,,,,,,,,,,,,,#N/A
,,,,,542,Drew Sample,FA,TE81,-,26,,TE,467,82,FA,#N/A,,,,,,,,,,,,,#N/A,,,,,,,,,,,,,,#N/A
,,,,,543,Auden Tate,ARI,WR191,-,26,,WR,468,189,FA,#N/A,,,,,,,,,,,,,#N/A,,,,,,,,,,,,,,#N/A
,,,,,544,Rashard Higgins,FA,WR192,-,28,,WR,469,190,FA,#N/A,,,,,,,,,,,,,#N/A,,,,,,,,,,,,,,#N/A
,,,,,545,Jamal Agnew,JAC,WR193,-,27,,WR,470,191,FA,#N/A,,,,,,,,,,,,,#N/A,,,,,,,,,,,,,,#N/A
,,,,,547,Mike Strachan,IND,WR194,-,25,,WR,471,192,FA,#N/A,,,,,,,,,,,,,#N/A,,,,,,,,,,,,,,#N/A
,,,,,,,,,,,,,,,,#N/A,,,,,,,,,,,,,#N/A,,,,,,,,,,,,,,#N/A
,,,,,,,,,,,,,,,,#N/A,,,,,,,,,,,,,#N/A,,,,,,,,,,,,,,#N/A
,,,,,,,,,,,,,,,,#N/A,,,,,,,,,,,,,#N/A,,,,,,,,,,,,,,#N/A
,,,,,,,,,,,,,,,,#N/A,,,,,,,,,,,,,#N/A,,,,,,,,,,,,,,#N/A
,,,,,,,,,,,,,,,,#N/A,,,,,,,,,,,,,#N/A,,,,,,,,,,,,,,#N/A
,,,,,,,,,,,,,,,,#N/A,,,,,,,,,,,,,#N/A,,,,,,,,,,,,,,#N/A
,,,,,,,,,,,,,,,,#N/A,,,,,,,,,,,,,#N/A,,,,,,,,,,,,,,#N/A
,,,,,,,,,,,,,,,,,,,,,,,,,,,,,#N/A,,,,,,,,,,,,,,#N/A
,,,,,,,,,,,,,,,,,,,,,,,,,,,,,#N/A,,,,,,,,,,,,,,#N/A
,,,,,,,,,,,,,,,,,,,,,,,,,,,,,#N/A,,,,,,,,,,,,,,#N/A
,,,,,,,,,,,,,,,,,,,,,,,,,,,,,#N/A,,,,,,,,,,,,,,#N/A
,,,,,,,,,,,,,,,,,,,,,,,,,,,,,#N/A,,,,,,,,,,,,,,#N/A
,,,,,,,,,,,,,,,,,,,,,,,,,,,,,#N/A,,,,,,,,,,,,,,#N/A
,,,,,,,,,,,,,,,,,,,,,,,,,,,,,#N/A,,,,,,,,,,,,,,#N/A
,,,,,,,,,,,,,,,,,,,,,,,,,,,,,#N/A,,,,,,,,,,,,,,#N/A
,,,,,,,,,,,,,,,,,,,,,,,,,,,,,#N/A,,,,,,,,,,,,,,#N/A
,,,,,,,,,,,,,,,,,,,,,,,,,,,,,#N/A,,,,,,,,,,,,,,#N/A
,,,,,,,,,,,,,,,,,,,,,,,,,,,,,#N/A,,,,,,,,,,,,,,#N/A
,,,,,,,,,,,,,,,,,,,,,,,,,,,,,#N/A,,,,,,,,,,,,,,#N/A
,,,,,,,,,,,,,,,,,,,,,,,,,,,,,#N/A,,,,,,,,,,,,,,#N/A
,,,,,,,,,,,,,,,,,,,,,,,,,,,,,#N/A,,,,,,,,,,,,,,#N/A
,,,,,,,,,,,,,,,,,,,,,,,,,,,,,#N/A,,,,,,,,,,,,,,#N/A
,,,,,,,,,,,,,,,,,,,,,,,,,,,,,#N/A,,,,,,,,,,,,,,#N/A
,,,,,,,,,,,,,,,,,,,,,,,,,,,,,#N/A,,,,,,,,,,,,,,#N/A
,,,,,,,,,,,,,,,,,,,,,,,,,,,,,#N/A,,,,,,,,,,,,,,#N/A
,,,,,,,,,,,,,,,,,,,,,,,,,,,,,#N/A,,,,,,,,,,,,,,#N/A
,,,,,,,,,,,,,,,,,,,,,,,,,,,,,#N/A,,,,,,,,,,,,,,#N/A
,,,,,,,,,,,,,,,,,,,,,,,,,,,,,#N/A,,,,,,,,,,,,,,#N/A
,,,,,,,,,,,,,,,,,,,,,,,,,,,,,#N/A,,,,,,,,,,,,,,#N/A
,,,,,,,,,,,,,,,,,,,,,,,,,,,,,#N/A,,,,,,,,,,,,,,#N/A
,,,,,,,,,,,,,,,,,,,,,,,,,,,,,#N/A,,,,,,,,,,,,,,#N/A
,,,,,,,,,,,,,,,,,,,,,,,,,,,,,#N/A,,,,,,,,,,,,,,#N/A
,,,,,,,,,,,,,,,,,,,,,,,,,,,,,#N/A,,,,,,,,,,,,,,#N/A
,,,,,,,,,,,,,,,,,,,,,,,,,,,,,#N/A,,,,,,,,,,,,,,#N/A
,,,,,,,,,,,,,,,,,,,,,,,,,,,,,#N/A,,,,,,,,,,,,,,#N/A
,,,,,,,,,,,,,,,,,,,,,,,,,,,,,#N/A,,,,,,,,,,,,,,#N/A
,,,,,,,,,,,,,,,,,,,,,,,,,,,,,#N/A,,,,,,,,,,,,,,#N/A
,,,,,,,,,,,,,,,,,,,,,,,,,,,,,#N/A,,,,,,,,,,,,,,#N/A
,,,,,,,,,,,,,,,,,,,,,,,,,,,,,#N/A,,,,,,,,,,,,,,#N/A
,,,,,,,,,,,,,,,,,,,,,,,,,,,,,#N/A,,,,,,,,,,,,,,#N/A
,,,,,,,,,,,,,,,,,,,,,,,,,,,,,#N/A,,,,,,,,,,,,,,#N/A
,,,,,,,,,,,,,,,,,,,,,,,,,,,,,#N/A,,,,,,,,,,,,,,#N/A
,,,,,,,,,,,,,,,,,,,,,,,,,,,,,#N/A,,,,,,,,,,,,,,#N/A
,,,,,,,,,,,,,,,,,,,,,,,,,,,,,#N/A,,,,,,,,,,,,,,#N/A
,,,,,,,,,,,,,,,,,,,,,,,,,,,,,#N/A,,,,,,,,,,,,,,#N/A
,,,,,,,,,,,,,,,,,,,,,,,,,,,,,#N/A,,,,,,,,,,,,,,#N/A
,,,,,,,,,,,,,,,,,,,,,,,,,,,,,#N/A,,,,,,,,,,,,,,#N/A
,,,,,,,,,,,,,,,,,,,,,,,,,,,,,#N/A,,,,,,,,,,,,,,#N/A
,,,,,,,,,,,,,,,,,,,,,,,,,,,,,#N/A,,,,,,,,,,,,,,#N/A
,,,,,,,,,,,,,,,,,,,,,,,,,,,,,#N/A,,,,,,,,,,,,,,#N/A
,,,,,,,,,,,,,,,,,,,,,,,,,,,,,#N/A,,,,,,,,,,,,,,#N/A
,,,,,,,,,,,,,,,,,,,,,,,,,,,,,#N/A,,,,,,,,,,,,,,#N/A
,,,,,,,,,,,,,,,,,,,,,,,,,,,,,#N/A,,,,,,,,,,,,,,#N/A
,,,,,,,,,,,,,,,,,,,,,,,,,,,,,#N/A,,,,,,,,,,,,,,#N/A
,,,,,,,,,,,,,,,,,,,,,,,,,,,,,#N/A,,,,,,,,,,,,,,#N/A
,,,,,,,,,,,,,,,,,,,,,,,,,,,,,#N/A,,,,,,,,,,,,,,#N/A
,,,,,,,,,,,,,,,,,,,,,,,,,,,,,#N/A,,,,,,,,,,,,,,#N/A
,,,,,,,,,,,,,,,,,,,,,,,,,,,,,#N/A,,,,,,,,,,,,,,#N/A
,,,,,,,,,,,,,,,,,,,,,,,,,,,,,#N/A,,,,,,,,,,,,,,#N/A
,,,,,,,,,,,,,,,,,,,,,,,,,,,,,#N/A,,,,,,,,,,,,,,#N/A
,,,,,,,,,,,,,,,,,,,,,,,,,,,,,#N/A,,,,,,,,,,,,,,#N/A
,,,,,,,,,,,,,,,,,,,,,,,,,,,,,#N/A,,,,,,,,,,,,,,#N/A
,,,,,,,,,,,,,,,,,,,,,,,,,,,,,#N/A,,,,,,,,,,,,,,#N/A
,,,,,,,,,,,,,,,,,,,,,,,,,,,,,#N/A,,,,,,,,,,,,,,#N/A
,,,,,,,,,,,,,,,,,,,,,,,,,,,,,#N/A,,,,,,,,,,,,,,#N/A
,,,,,,,,,,,,,,,,,,,,,,,,,,,,,#N/A,,,,,,,,,,,,,,#N/A
,,,,,,,,,,,,,,,,,,,,,,,,,,,,,#N/A,,,,,,,,,,,,,,#N/A
,,,,,,,,,,,,,,,,,,,,,,,,,,,,,#N/A,,,,,,,,,,,,,,#N/A
,,,,,,,,,,,,,,,,,,,,,,,,,,,,,#N/A,,,,,,,,,,,,,,#N/A
,,,,,,,,,,,,,,,,,,,,,,,,,,,,,#N/A,,,,,,,,,,,,,,#N/A
,,,,,,,,,,,,,,,,,,,,,,,,,,,,,#N/A,,,,,,,,,,,,,,#N/A
,,,,,,,,,,,,,,,,,,,,,,,,,,,,,#N/A,,,,,,,,,,,,,,#N/A
,,,,,,,,,,,,,,,,,,,,,,,,,,,,,,,,,,,,,,,,,,,#N/A
,,,,,,,,,,,,,,,,,,,,,,,,,,,,,,,,,,,,,,,,,,,#N/A
,,,,,,,,,,,,,,,,,,,,,,,,,,,,,,,,,,,,,,,,,,,#N/A
,,,,,,,,,,,,,,,,,,,,,,,,,,,,,,,,,,,,,,,,,,,#N/A
,,,,,,,,,,,,,,,,,,,,,,,,,,,,,,,,,,,,,,,,,,,#N/A
,,,,,,,,,,,,,,,,,,,,,,,,,,,,,,,,,,,,,,,,,,,#N/A
,,,,,,,,,,,,,,,,,,,,,,,,,,,,,,,,,,,,,,,,,,,#N/A
,,,,,,,,,,,,,,,,,,,,,,,,,,,,,,,,,,,,,,,,,,,#N/A
,,,,,,,,,,,,,,,,,,,,,,,,,,,,,,,,,,,,,,,,,,,#N/A
,,,,,,,,,,,,,,,,,,,,,,,,,,,,,,,,,,,,,,,,,,,#N/A
,,,,,,,,,,,,,,,,,,,,,,,,,,,,,,,,,,,,,,,,,,,#N/A
,,,,,,,,,,,,,,,,,,,,,,,,,,,,,,,,,,,,,,,,,,,#N/A
,,,,,,,,,,,,,,,,,,,,,,,,,,,,,,,,,,,,,,,,,,,#N/A
,,,,,,,,,,,,,,,,,,,,,,,,,,,,,,,,,,,,,,,,,,,#N/A
,,,,,,,,,,,,,,,,,,,,,,,,,,,,,,,,,,,,,,,,,,,#N/A
,,,,,,,,,,,,,,,,,,,,,,,,,,,,,,,,,,,,,,,,,,,#N/A
,,,,,,,,,,,,,,,,,,,,,,,,,,,,,,,,,,,,,,,,,,,#N/A
,,,,,,,,,,,,,,,,,,,,,,,,,,,,,,,,,,,,,,,,,,,#N/A